,maid,datetimestamp,latitude,longitude,homegeohash9,workgeohash,Home_Distance,Work_Distance
580,0171934b-f55c-49a8-a2ae-8cd227c4bb6d,12/16/2023 11:01,-37.82446465,145.049334,r1r07sksk,r1r07sk,9.095709356,9.204155771
581,0171934b-f55c-49a8-a2ae-8cd227c4bb6d,12/6/2023 3:43,-37.8244962,145.0493819,r1r07sksk,r1r07sk,9.095709356,9.204155771
582,0171934b-f55c-49a8-a2ae-8cd227c4bb6d,12/25/2023 9:20,-37.82452602,145.0493012,r1r07sksk,r1r07sk,9.095709356,9.204155771
583,0171934b-f55c-49a8-a2ae-8cd227c4bb6d,12/2/2023 19:27,-37.70947872,144.9416141,r1r07sksk,r1r07sk,9.095709356,9.204155771
640,019d93a9-d96c-459c-8a9a-1dd2ddc79369,12/9/2023 16:24,-38.36657368,144.8917043,r1r0mpgpg,r1r0mpg,5.798098413,5.741774315
641,019d93a9-d96c-459c-8a9a-1dd2ddc79369,12/31/2023 1:24,-37.88204776,145.0682274,r1r0mpgpg,r1r0mpg,5.798098413,5.741774315
642,019d93a9-d96c-459c-8a9a-1dd2ddc79369,12/3/2023 17:22,-37.88203407,145.0682636,r1r0mpgpg,r1r0mpg,5.798098413,5.741774315
643,019d93a9-d96c-459c-8a9a-1dd2ddc79369,12/3/2023 19:06,-37.8997273,145.1144375,r1r0mpgpg,r1r0mpg,5.798098413,5.741774315
660,01a75308-74b8-4263-acfa-4bd7558c29e2,12/13/2023 12:10,-33.72382326,150.9773132,r1r15d9d9,r1r15d9,7.475614751,7.357682261
661,01a75308-74b8-4263-acfa-4bd7558c29e2,12/30/2023 7:25,-33.72374315,150.9773174,r1r15d9d9,r1r15d9,7.475614751,7.357682261
662,01a75308-74b8-4263-acfa-4bd7558c29e2,12/18/2023 21:16,-33.72112665,150.97671,r1r15d9d9,r1r15d9,7.475614751,7.357682261
663,01a75308-74b8-4263-acfa-4bd7558c29e2,12/6/2023 22:53,-37.82449379,145.0493914,r1r15d9d9,r1r15d9,7.475614751,7.357682261
688,01bb61ba-a72d-4502-905e-3ea7fbbec539,12/23/2023 15:38,-37.82454263,145.0494068,r1r1hvpvp,r1r1hvp,7.272380169,7.759158977
689,01bb61ba-a72d-4502-905e-3ea7fbbec539,12/12/2023 1:41,-37.82468446,145.0493113,r1r1hvpvp,r1r1hvp,7.272380169,7.759158977
690,01bb61ba-a72d-4502-905e-3ea7fbbec539,12/12/2023 17:01,-37.83043097,145.0560418,r1r1hvpvp,r1r1hvp,7.272380169,7.759158977
691,01bb61ba-a72d-4502-905e-3ea7fbbec539,12/21/2023 4:47,-37.83030181,145.0559967,r1r1hvpvp,r1r1hvp,7.272380169,7.759158977
732,01d1e55b-cf62-4aca-8c16-9771ffad5f25,12/8/2023 3:15,-37.83041082,145.0561011,r1r0ygugu,r1r0ygu,8.212488851,8.385700039
733,01d1e55b-cf62-4aca-8c16-9771ffad5f25,12/23/2023 3:24,-37.81607,145.1466,r1r0ygugu,r1r0ygu,8.212488851,8.385700039
734,01d1e55b-cf62-4aca-8c16-9771ffad5f25,12/28/2023 12:20,-37.815862,145.1466417,r1r0ygugu,r1r0ygu,8.212488851,8.385700039
735,01d1e55b-cf62-4aca-8c16-9771ffad5f25,12/7/2023 8:35,-37.76927024,145.0527478,r1r0ygugu,r1r0ygu,8.212488851,8.385700039
816,020bc715-32dc-43bd-84f7-1a5898f84ac0,12/21/2023 8:33,-37.83963,145.06446,r1r0tp2p2,r1r0tp2,1.335117485,1.218889889
817,020bc715-32dc-43bd-84f7-1a5898f84ac0,12/27/2023 0:31,-37.84049,145.06403,r1r0tp2p2,r1r0tp2,1.335117485,1.218889889
818,020bc715-32dc-43bd-84f7-1a5898f84ac0,12/10/2023 15:31,-37.8405,145.0639,r1r0tp2p2,r1r0tp2,1.335117485,1.218889889
819,020bc715-32dc-43bd-84f7-1a5898f84ac0,12/24/2023 9:56,-37.84057,145.06417,r1r0tp2p2,r1r0tp2,1.335117485,1.218889889
828,021c63b7-2bfc-4c5d-b247-f052e451bccf,12/24/2023 6:23,-37.74643265,145.0605622,r1r1kbmbm,r1pr8kf,9.138856274,26.08079514
829,021c63b7-2bfc-4c5d-b247-f052e451bccf,12/18/2023 6:41,-37.80206082,144.8683643,r1r1kbmbm,r1pr8kf,9.138856274,26.08079514
830,021c63b7-2bfc-4c5d-b247-f052e451bccf,12/21/2023 0:31,-37.82455226,145.049433,r1r1kbmbm,r1pr8kf,9.138856274,26.08079514
831,021c63b7-2bfc-4c5d-b247-f052e451bccf,12/19/2023 19:40,-37.82458365,145.0493399,r1r1kbmbm,r1pr8kf,9.138856274,26.08079514
919,0260fa70-1eea-4771-b60d-4fe060f962e3,12/9/2023 5:30,-37.82450335,145.0494506,r1r0yd7d7,r1r0yd7,6.973617048,6.647428639
920,0260fa70-1eea-4771-b60d-4fe060f962e3,12/12/2023 18:36,-37.82450942,145.0493552,r1r0yd7d7,r1r0yd7,6.973617048,6.647428639
921,0260fa70-1eea-4771-b60d-4fe060f962e3,12/26/2023 12:25,-37.83586628,145.1329136,r1r0yd7d7,r1r0yd7,6.973617048,6.647428639
922,0260fa70-1eea-4771-b60d-4fe060f962e3,12/20/2023 23:57,-37.85035846,145.1514566,r1r0yd7d7,r1r0yd7,6.973617048,6.647428639
999,02985bf8-71cf-4c4b-b6c3-555935b9c0ff,12/22/2023 10:53,-37.78985,145.13154,r1r1n8989,r1r1n89,8.010271364,7.906706148
1000,02985bf8-71cf-4c4b-b6c3-555935b9c0ff,12/28/2023 7:35,-37.7814514,145.1368719,r1r1n8989,r1r1n89,8.010271364,7.906706148
1001,02985bf8-71cf-4c4b-b6c3-555935b9c0ff,12/17/2023 23:14,-37.54833,149.73383,r1r1n8989,r1r1n89,8.010271364,7.906706148
1002,02985bf8-71cf-4c4b-b6c3-555935b9c0ff,12/2/2023 5:31,-37.78159,145.13681,r1r1n8989,r1r1n89,8.010271364,7.906706148
1195,02ff7275-1708-4975-87bf-611c0fb59b73,12/4/2023 17:25,-31.95005658,115.7596146,r1r0tj9j9,qd664pt,2.379761816,2738.566946
1196,02ff7275-1708-4975-87bf-611c0fb59b73,12/26/2023 7:06,-31.88225302,115.7837487,r1r0tj9j9,qd664pt,2.379761816,2738.566946
1197,02ff7275-1708-4975-87bf-611c0fb59b73,12/3/2023 0:53,-37.74716827,145.3459076,r1r0tj9j9,qd664pt,2.379761816,2738.566946
1198,02ff7275-1708-4975-87bf-611c0fb59b73,12/23/2023 9:28,-37.74727015,145.3461023,r1r0tj9j9,qd664pt,2.379761816,2738.566946
1199,03044322-bb2c-4f2f-8f79-a25a9d9af4ff,12/24/2023 12:47,-27.47104148,153.0304841,r1r0fyyyy,r7hv43x,7.922518929,1393.922939
1200,03044322-bb2c-4f2f-8f79-a25a9d9af4ff,12/29/2023 2:46,-27.47497418,153.0255382,r1r0fyyyy,r7hv43x,7.922518929,1393.922939
1201,03044322-bb2c-4f2f-8f79-a25a9d9af4ff,12/16/2023 14:42,-27.47494137,153.0256147,r1r0fyyyy,r7hv43x,7.922518929,1393.922939
1202,03044322-bb2c-4f2f-8f79-a25a9d9af4ff,12/29/2023 21:25,-27.23516546,153.0316558,r1r0fyyyy,r7hv43x,7.922518929,1393.922939
1426,03a16e07-0ea3-4fc7-b851-e5369a2d4257,12/10/2023 18:15,-37.85998,145.02525,r1r0gbdbd,r1r0s5m,3.800854439,4.038145259
1427,03a16e07-0ea3-4fc7-b851-e5369a2d4257,12/10/2023 10:49,-37.83834,145.03823,r1r0gbdbd,r1r0s5m,3.800854439,4.038145259
1428,03a16e07-0ea3-4fc7-b851-e5369a2d4257,12/4/2023 12:05,-37.83834,145.03826,r1r0gbdbd,r1r0s5m,3.800854439,4.038145259
1429,03a16e07-0ea3-4fc7-b851-e5369a2d4257,12/27/2023 3:08,-37.8103,144.96318,r1r0gbdbd,r1r0s5m,3.800854439,4.038145259
1498,03cd1e38-17b8-4432-bee6-3754b9bf412c,12/27/2023 8:49,-37.79714218,145.1198521,r1r153b3b,r1r153b,7.941691629,7.965329039
1499,03cd1e38-17b8-4432-bee6-3754b9bf412c,12/14/2023 11:51,-37.78690618,145.0999356,r1r153b3b,r1r153b,7.941691629,7.965329039
1500,03cd1e38-17b8-4432-bee6-3754b9bf412c,12/12/2023 4:05,-37.79740044,145.1289874,r1r153b3b,r1r153b,7.941691629,7.965329039
1501,03cd1e38-17b8-4432-bee6-3754b9bf412c,12/14/2023 17:02,-37.83040297,145.0560686,r1r153b3b,r1r153b,7.941691629,7.965329039
1542,03f397bc-4a8d-4da8-9a09-297c7ff9a3a6,12/22/2023 17:11,-37.83037296,145.0560399,r1r1hnhnh,r1r1hnh,8.292938968,8.061205318
1543,03f397bc-4a8d-4da8-9a09-297c7ff9a3a6,12/17/2023 18:09,-37.83040227,145.0560298,r1r1hnhnh,r1r1hnh,8.292938968,8.061205318
1544,03f397bc-4a8d-4da8-9a09-297c7ff9a3a6,12/21/2023 0:39,-37.83037034,145.0560479,r1r1hnhnh,r1r1hnh,8.292938968,8.061205318
1545,03f397bc-4a8d-4da8-9a09-297c7ff9a3a6,12/4/2023 22:08,-37.52115,144.62502,r1r1hnhnh,r1r1hnh,8.292938968,8.061205318
1586,04095b69-441a-4e02-9c82-8ce99ae2f6b5,12/24/2023 15:56,-37.81427,144.95582,r1r0fs1s1,r1r0fs1,8.917463247,8.653578781
1587,04095b69-441a-4e02-9c82-8ce99ae2f6b5,12/24/2023 10:47,-37.82493,144.96261,r1r0fs1s1,r1r0fs1,8.917463247,8.653578781
1588,04095b69-441a-4e02-9c82-8ce99ae2f6b5,12/30/2023 11:42,-37.82492,144.9625,r1r0fs1s1,r1r0fs1,8.917463247,8.653578781
1589,04095b69-441a-4e02-9c82-8ce99ae2f6b5,12/18/2023 9:21,-37.81866571,144.955434,r1r0fs1s1,r1r0fs1,8.917463247,8.653578781
1825,0495bc9a-01e8-41df-a798-9a81ce1e9aa7,12/27/2023 23:23,-34.19828,142.16639,r1r0sefef,r1r0sef,3.447883283,3.62958694
1826,0495bc9a-01e8-41df-a798-9a81ce1e9aa7,12/30/2023 4:42,-34.19815,142.16637,r1r0sefef,r1r0sef,3.447883283,3.62958694
1827,0495bc9a-01e8-41df-a798-9a81ce1e9aa7,12/22/2023 20:26,-34.21303,142.12787,r1r0sefef,r1r0sef,3.447883283,3.62958694
1828,0495bc9a-01e8-41df-a798-9a81ce1e9aa7,12/13/2023 13:33,-34.21299,142.12793,r1r0sefef,r1r0sef,3.447883283,3.62958694
1865,04abe363-acb5-4e4b-a634-243c1c8812c2,12/5/2023 10:13,-37.80367,145.08309,r1r1juvuv,r1r1juv,8.300196833,7.710653581
1866,04abe363-acb5-4e4b-a634-243c1c8812c2,12/28/2023 0:09,-37.76644,145.10433,r1r1juvuv,r1r1juv,8.300196833,7.710653581
1867,04abe363-acb5-4e4b-a634-243c1c8812c2,12/5/2023 0:51,-37.76634,145.1044,r1r1juvuv,r1r1juv,8.300196833,7.710653581
1868,04abe363-acb5-4e4b-a634-243c1c8812c2,12/9/2023 3:07,-37.80379,145.08312,r1r1juvuv,r1r1juv,8.300196833,7.710653581
1945,04d4fb0e-8aef-4a9f-8d7e-0a1fa09a8923,12/12/2023 1:46,-37.8303637,145.0560459,r1r0fezez,r1f9e3w,8.154786587,658.9724886
1946,04d4fb0e-8aef-4a9f-8d7e-0a1fa09a8923,12/18/2023 9:13,-37.83032479,145.056124,r1r0fezez,r1f9e3w,8.154786587,658.9724886
1947,04d4fb0e-8aef-4a9f-8d7e-0a1fa09a8923,12/20/2023 1:19,-37.83035149,145.0560431,r1r0fezez,r1f9e3w,8.154786587,658.9724886
1948,04d4fb0e-8aef-4a9f-8d7e-0a1fa09a8923,12/27/2023 2:47,-37.83039295,145.0560639,r1r0fezez,r1f9e3w,8.154786587,658.9724886
1953,04dcff1e-b223-4856-a3df-8cd3245ac6a9,12/4/2023 23:10,-37.83224,145.04496,r1r0u8f8f,r1r0u8f,0.962306484,1.34554729
1954,04dcff1e-b223-4856-a3df-8cd3245ac6a9,12/9/2023 5:20,-37.83716,145.03376,r1r0u8f8f,r1r0u8f,0.962306484,1.34554729
1955,04dcff1e-b223-4856-a3df-8cd3245ac6a9,12/9/2023 4:07,-37.71326,145.12677,r1r0u8f8f,r1r0u8f,0.962306484,1.34554729
1956,04dcff1e-b223-4856-a3df-8cd3245ac6a9,12/17/2023 7:09,-37.82903825,145.0470839,r1r0u8f8f,r1r0u8f,0.962306484,1.34554729
1957,04dd7a6d-5b01-4d0c-bc8f-da35d7287659,12/18/2023 12:55,-37.867488,145.07422,r1r0t4r4r,r1r0t4r,4.557504662,4.664929185
1958,04dd7a6d-5b01-4d0c-bc8f-da35d7287659,12/7/2023 19:51,-37.86749,145.07411,r1r0t4r4r,r1r0t4r,4.557504662,4.664929185
1959,04dd7a6d-5b01-4d0c-bc8f-da35d7287659,12/5/2023 22:41,-37.86743,145.07419,r1r0t4r4r,r1r0t4r,4.557504662,4.664929185
1960,04dd7a6d-5b01-4d0c-bc8f-da35d7287659,12/23/2023 12:44,-37.867476,145.07426,r1r0t4r4r,r1r0t4r,4.557504662,4.664929185
1961,04df2fb5-e364-46d1-aee5-5329e74fc638,12/25/2023 8:03,-37.85712,145.0887,r1r0ts6s6,r1r0ts6,4.223941636,4.543234963
1962,04df2fb5-e364-46d1-aee5-5329e74fc638,12/27/2023 20:03,-37.66664,145.03098,r1r0ts6s6,r1r0ts6,4.223941636,4.543234963
1963,04df2fb5-e364-46d1-aee5-5329e74fc638,12/26/2023 1:07,-37.5679607,144.8936414,r1r0ts6s6,r1r0ts6,4.223941636,4.543234963
1964,04df2fb5-e364-46d1-aee5-5329e74fc638,12/5/2023 1:27,-37.56790762,144.8936024,r1r0ts6s6,r1r0ts6,4.223941636,4.543234963
2013,04fa92d2-f38c-4b25-b0c5-5f366bba97a1,12/27/2023 11:47,-37.83044001,145.0559933,r1r0secec,r1r0sec,3.482198514,3.62958694
2014,04fa92d2-f38c-4b25-b0c5-5f366bba97a1,12/21/2023 22:53,-37.83036241,145.056043,r1r0secec,r1r0sec,3.482198514,3.62958694
2015,04fa92d2-f38c-4b25-b0c5-5f366bba97a1,12/24/2023 15:48,-37.83037584,145.0559993,r1r0secec,r1r0sec,3.482198514,3.62958694
2016,04fa92d2-f38c-4b25-b0c5-5f366bba97a1,12/1/2023 8:38,-37.83035011,145.0560141,r1r0secec,r1r0sec,3.482198514,3.62958694
2093,053d572f-998a-4b52-89c3-bf2513f5e469,12/6/2023 2:58,-37.87265662,145.0246363,r1r0ecece,r3gx02b,5.978649533,702.2259578
2094,053d572f-998a-4b52-89c3-bf2513f5e469,12/24/2023 5:17,-37.87153877,145.0351764,r1r0ecece,r3gx02b,5.978649533,702.2259578
2095,053d572f-998a-4b52-89c3-bf2513f5e469,12/25/2023 15:27,-37.86895722,144.9954805,r1r0ecece,r3gx02b,5.978649533,702.2259578
2096,053d572f-998a-4b52-89c3-bf2513f5e469,12/30/2023 9:52,-37.86216241,145.0178218,r1r0ecece,r3gx02b,5.978649533,702.2259578
2121,054b8406-6c72-49c1-aafe-6f2c9d13ebc7,12/31/2023 2:23,-37.94623,145.04414,r1r0g0404,r1r0g04,6.802351184,6.712954882
2122,054b8406-6c72-49c1-aafe-6f2c9d13ebc7,12/15/2023 5:44,-37.93453,145.01034,r1r0g0404,r1r0g04,6.802351184,6.712954882
2123,054b8406-6c72-49c1-aafe-6f2c9d13ebc7,12/21/2023 16:15,-37.9345,145.01578,r1r0g0404,r1r0g04,6.802351184,6.712954882
2124,054b8406-6c72-49c1-aafe-6f2c9d13ebc7,12/5/2023 3:06,-37.85786,145.03811,r1r0g0404,r1r0g04,6.802351184,6.712954882
2201,057504fb-8125-48a4-af69-3067bee63989,12/14/2023 4:52,-37.85416405,145.0088326,r1r0wnrnr,r1r1pe3,5.725366082,12.8082626
2202,057504fb-8125-48a4-af69-3067bee63989,12/25/2023 15:29,-37.8456738,145.1177738,r1r0wnrnr,r1r1pe3,5.725366082,12.8082626
2203,057504fb-8125-48a4-af69-3067bee63989,12/8/2023 2:25,-37.83582114,145.0982811,r1r0wnrnr,r1r1pe3,5.725366082,12.8082626
2204,057504fb-8125-48a4-af69-3067bee63989,12/24/2023 19:03,-37.85421083,145.0089873,r1r0wnrnr,r1r1pe3,5.725366082,12.8082626
2273,05a52ee0-ef46-4976-8df8-a18f7472ccda,12/9/2023 11:46,-37.73842,144.73837,r1r0fegeg,r1qcmby,8.638022661,28.62409437
2274,05a52ee0-ef46-4976-8df8-a18f7472ccda,12/24/2023 20:24,-37.5302,143.83344,r1r0fegeg,r1qcmby,8.638022661,28.62409437
2275,05a52ee0-ef46-4976-8df8-a18f7472ccda,12/27/2023 22:03,-37.53018,143.83325,r1r0fegeg,r1qcmby,8.638022661,28.62409437
2276,05a52ee0-ef46-4976-8df8-a18f7472ccda,12/12/2023 13:56,-37.53037,143.83333,r1r0fegeg,r1qcmby,8.638022661,28.62409437
2301,05c0c888-395a-4b67-b4ed-398a793160b2,12/1/2023 14:15,-37.82585,144.99485,r1r0futut,r1r0fut,7.536016045,7.806917525
2302,05c0c888-395a-4b67-b4ed-398a793160b2,12/29/2023 22:50,-37.82584,144.99484,r1r0futut,r1r0fut,7.536016045,7.806917525
2303,05c0c888-395a-4b67-b4ed-398a793160b2,12/26/2023 22:04,-37.81162,144.97206,r1r0futut,r1r0fut,7.536016045,7.806917525
2304,05c0c888-395a-4b67-b4ed-398a793160b2,12/19/2023 13:33,-37.79815,144.96817,r1r0futut,r1r0fut,7.536016045,7.806917525
2345,05eb2828-2602-482b-9a86-7bd75af76a85,12/20/2023 4:55,-37.8582,145.01084,r1r0kzqzq,r1r0kzq,6.035181626,5.610254982
2346,05eb2828-2602-482b-9a86-7bd75af76a85,12/26/2023 8:38,-37.87717,145.05895,r1r0kzqzq,r1r0kzq,6.035181626,5.610254982
2347,05eb2828-2602-482b-9a86-7bd75af76a85,12/29/2023 14:41,-37.85895,145.00146,r1r0kzqzq,r1r0kzq,6.035181626,5.610254982
2348,05eb2828-2602-482b-9a86-7bd75af76a85,12/1/2023 16:02,-37.85428,145.01164,r1r0kzqzq,r1r0kzq,6.035181626,5.610254982
2525,067109eb-2090-4835-99ac-ee35df05f32b,12/17/2023 7:38,-37.88924,145.05871,r1r0szjzj,r1r0szj,1.362284614,1.218889889
2526,067109eb-2090-4835-99ac-ee35df05f32b,12/23/2023 8:32,-37.88925,145.05885,r1r0szjzj,r1r0szj,1.362284614,1.218889889
2527,067109eb-2090-4835-99ac-ee35df05f32b,12/24/2023 13:22,-37.88925,145.05873,r1r0szjzj,r1r0szj,1.362284614,1.218889889
2528,067109eb-2090-4835-99ac-ee35df05f32b,12/10/2023 10:28,-37.86011,148.01957,r1r0szjzj,r1r0szj,1.362284614,1.218889889
2585,06945cc9-f5c7-4e52-99f7-0ebeda35360d,12/20/2023 21:00,-37.98332132,145.0470366,r1r0mgqgq,r1pput6,9.62120048,16.7685755
2586,06945cc9-f5c7-4e52-99f7-0ebeda35360d,12/21/2023 21:24,-37.68730661,144.7891743,r1r0mgqgq,r1pput6,9.62120048,16.7685755
2587,06945cc9-f5c7-4e52-99f7-0ebeda35360d,12/25/2023 23:33,-37.68090868,144.7786384,r1r0mgqgq,r1pput6,9.62120048,16.7685755
2588,06945cc9-f5c7-4e52-99f7-0ebeda35360d,12/4/2023 4:35,-37.2916776,144.2552108,r1r0mgqgq,r1pput6,9.62120048,16.7685755
2613,06a195d8-0cfd-4fa6-96ae-f2c949ad3f39,12/11/2023 22:59,-37.6941,144.97228,r1r0mkkkk,r1r4nej,8.200522119,26.60357914
2614,06a195d8-0cfd-4fa6-96ae-f2c949ad3f39,12/23/2023 22:30,-37.88912,145.07343,r1r0mkkkk,r1r4nej,8.200522119,26.60357914
2615,06a195d8-0cfd-4fa6-96ae-f2c949ad3f39,12/8/2023 19:11,-37.90067,145.08048,r1r0mkkkk,r1r4nej,8.200522119,26.60357914
2616,06a195d8-0cfd-4fa6-96ae-f2c949ad3f39,12/28/2023 12:28,-37.82819,144.99755,r1r0mkkkk,r1r4nej,8.200522119,26.60357914
2881,07588be1-5d4d-418b-afcf-2fd13cefdd85,12/8/2023 18:11,-37.83435608,145.0561283,r1r1he9e9,r1r1he9,6.375220587,6.771334586
2882,07588be1-5d4d-418b-afcf-2fd13cefdd85,12/9/2023 9:48,-37.81705088,145.0348017,r1r1he9e9,r1r1he9,6.375220587,6.771334586
2883,07588be1-5d4d-418b-afcf-2fd13cefdd85,12/5/2023 0:32,-37.82768303,145.0344784,r1r1he9e9,r1r1he9,6.375220587,6.771334586
2884,07588be1-5d4d-418b-afcf-2fd13cefdd85,12/24/2023 3:10,-38.28196,144.60368,r1r1he9e9,r1r1he9,6.375220587,6.771334586
2897,075e0f5c-d4fe-42da-8980-caa6b872fff2,12/8/2023 11:33,-37.84200771,145.1566488,r1r0xp5p5,r1r0xp5,8.899549515,9.264702233
2898,075e0f5c-d4fe-42da-8980-caa6b872fff2,12/2/2023 13:34,-37.83988,145.12653,r1r0xp5p5,r1r0xp5,8.899549515,9.264702233
2899,075e0f5c-d4fe-42da-8980-caa6b872fff2,12/24/2023 15:53,-37.84187644,145.1564839,r1r0xp5p5,r1r0xp5,8.899549515,9.264702233
2900,075e0f5c-d4fe-42da-8980-caa6b872fff2,12/27/2023 12:08,-37.86141264,145.1501117,r1r0xp5p5,r1r0xp5,8.899549515,9.264702233
2921,0772eb73-8855-45d6-82b3-f52b09b245d0,12/9/2023 22:25,-37.83061811,145.0562699,r1r0fqzqz,r1r0fqz,9.633634307,9.822370997
2922,0772eb73-8855-45d6-82b3-f52b09b245d0,12/29/2023 14:29,-37.83076282,145.0563899,r1r0fqzqz,r1r0fqz,9.633634307,9.822370997
2923,0772eb73-8855-45d6-82b3-f52b09b245d0,12/27/2023 1:08,-37.83076807,145.0563034,r1r0fqzqz,r1r0fqz,9.633634307,9.822370997
2924,0772eb73-8855-45d6-82b3-f52b09b245d0,12/6/2023 6:15,-37.83068369,145.0563334,r1r0fqzqz,r1r0fqz,9.633634307,9.822370997
3021,07c573c9-56a9-4a55-bf60-236f0abdad17,12/18/2023 3:49,-37.83061451,145.0563733,r1r0fe2e2,r1r1qpb,8.959129213,14.14941334
3022,07c573c9-56a9-4a55-bf60-236f0abdad17,12/5/2023 3:09,-37.83034856,145.056057,r1r0fe2e2,r1r1qpb,8.959129213,14.14941334
3023,07c573c9-56a9-4a55-bf60-236f0abdad17,12/20/2023 3:09,-37.83068893,145.0563152,r1r0fe2e2,r1r1qpb,8.959129213,14.14941334
3024,07c573c9-56a9-4a55-bf60-236f0abdad17,12/18/2023 6:16,-37.83068343,145.0563328,r1r0fe2e2,r1r1qpb,8.959129213,14.14941334
3049,07d67d9a-6a27-4808-be3f-4c9f9025044b,12/24/2023 15:45,-37.8306818,145.0563739,r1r0fu8u8,r1r0f7p,8.129773579,9.312456523
3050,07d67d9a-6a27-4808-be3f-4c9f9025044b,12/7/2023 9:45,-37.83067527,145.0563354,r1r0fu8u8,r1r0f7p,8.129773579,9.312456523
3051,07d67d9a-6a27-4808-be3f-4c9f9025044b,12/14/2023 9:34,-37.8306851,145.0563239,r1r0fu8u8,r1r0f7p,8.129773579,9.312456523
3052,07d67d9a-6a27-4808-be3f-4c9f9025044b,12/15/2023 11:38,-37.83064005,145.0563988,r1r0fu8u8,r1r0f7p,8.129773579,9.312456523
3161,084c89a4-0663-496a-9bc3-4b3cb8215160,12/5/2023 21:46,-37.83061204,145.0563335,r1r1hh2h2,r32x032,7.451566173,208.2009262
3162,084c89a4-0663-496a-9bc3-4b3cb8215160,12/4/2023 10:51,-37.83065625,145.0563633,r1r1hh2h2,r32x032,7.451566173,208.2009262
3163,084c89a4-0663-496a-9bc3-4b3cb8215160,12/8/2023 13:28,-37.83058886,145.0563453,r1r1hh2h2,r32x032,7.451566173,208.2009262
3164,084c89a4-0663-496a-9bc3-4b3cb8215160,12/16/2023 5:23,-37.91245,145.0454,r1r1hh2h2,r32x032,7.451566173,208.2009262
3185,0857d7f0-ed2f-4e5e-83f6-013bbdead46e,12/12/2023 10:54,-37.74410576,145.2014748,r1r1n4w4w,r1r1j8d,7.768002229,5.362232144
3186,0857d7f0-ed2f-4e5e-83f6-013bbdead46e,12/30/2023 13:35,-37.74608852,145.1994577,r1r1n4w4w,r1r1j8d,7.768002229,5.362232144
3187,0857d7f0-ed2f-4e5e-83f6-013bbdead46e,12/1/2023 6:11,-37.77793,145.1162,r1r1n4w4w,r1r1j8d,7.768002229,5.362232144
3188,0857d7f0-ed2f-4e5e-83f6-013bbdead46e,12/14/2023 7:12,-37.82674535,145.0571157,r1r1n4w4w,r1r1j8d,7.768002229,5.362232144
3249,08742800-ad69-4b3a-b694-c4bd8cde842f,12/26/2023 6:40,-37.82680871,145.0571215,r1r0ftntn,r1r14cx,8.457749975,9.311260479
3250,08742800-ad69-4b3a-b694-c4bd8cde842f,12/29/2023 5:17,-37.82678585,145.0571297,r1r0ftntn,r1r14cx,8.457749975,9.311260479
3251,08742800-ad69-4b3a-b694-c4bd8cde842f,12/26/2023 13:21,-37.82673329,145.0570904,r1r0ftntn,r1r14cx,8.457749975,9.311260479
3252,08742800-ad69-4b3a-b694-c4bd8cde842f,12/29/2023 19:15,-37.82673751,145.0571009,r1r0ftntn,r1r14cx,8.457749975,9.311260479
3381,08b6a58c-744b-4a31-b193-a94223395683,12/14/2023 3:14,-37.82677928,145.0571361,r1r0fs2s2,r1r0fs2,9.06917106,9.505996999
3382,08b6a58c-744b-4a31-b193-a94223395683,12/23/2023 16:54,-37.82673078,145.0571466,r1r0fs2s2,r1r0fs2,9.06917106,9.505996999
3383,08b6a58c-744b-4a31-b193-a94223395683,12/3/2023 16:59,-37.82676888,145.0571567,r1r0fs2s2,r1r0fs2,9.06917106,9.505996999
3384,08b6a58c-744b-4a31-b193-a94223395683,12/29/2023 4:59,-37.82675642,145.0571511,r1r0fs2s2,r1r0fs2,9.06917106,9.505996999
3401,08c04846-a6b0-4cae-bf3b-4c94703ee4e8,12/25/2023 12:22,-37.82675955,145.0572044,r1r0mgqgq,r1r0mgq,9.62120048,10.13922884
3402,08c04846-a6b0-4cae-bf3b-4c94703ee4e8,12/24/2023 10:20,-37.82671671,145.0571811,r1r0mgqgq,r1r0mgq,9.62120048,10.13922884
3403,08c04846-a6b0-4cae-bf3b-4c94703ee4e8,12/27/2023 9:15,-37.82677937,145.0571901,r1r0mgqgq,r1r0mgq,9.62120048,10.13922884
3404,08c04846-a6b0-4cae-bf3b-4c94703ee4e8,12/15/2023 15:41,-37.82678035,145.0571378,r1r0mgqgq,r1r0mgq,9.62120048,10.13922884
3525,09061595-7ef6-4d6f-9553-474d21464183,12/3/2023 16:52,-37.82679539,145.0571006,r1r0z5v5v,r1r0hth,9.197413243,12.27572028
3526,09061595-7ef6-4d6f-9553-474d21464183,12/12/2023 12:16,-38.2478,145.12025,r1r0z5v5v,r1r0hth,9.197413243,12.27572028
3527,09061595-7ef6-4d6f-9553-474d21464183,12/19/2023 5:01,-37.9409,145.04784,r1r0z5v5v,r1r0hth,9.197413243,12.27572028
3528,09061595-7ef6-4d6f-9553-474d21464183,12/10/2023 9:47,-37.94103,145.0478,r1r0z5v5v,r1r0hth,9.197413243,12.27572028
3689,0958ff46-6aae-4902-9f19-17a800e6c706,12/14/2023 13:50,-37.8134,144.96375,r1r0f6z6z,r1r0f6z,9.043383268,9.312456523
3690,0958ff46-6aae-4902-9f19-17a800e6c706,12/20/2023 7:01,-37.81341,144.96376,r1r0f6z6z,r1r0f6z,9.043383268,9.312456523
3691,0958ff46-6aae-4902-9f19-17a800e6c706,12/27/2023 21:20,-37.82102,144.95373,r1r0f6z6z,r1r0f6z,9.043383268,9.312456523
3692,0958ff46-6aae-4902-9f19-17a800e6c706,12/8/2023 16:36,-37.82145,144.95373,r1r0f6z6z,r1r0f6z,9.043383268,9.312456523
3849,09ba2cd8-eb7b-4660-a418-0622a1673093,12/29/2023 9:18,-27.67551,152.89754,r1r0fg8g8,r7hdwwh,7.994580121,1346.139402
3850,09ba2cd8-eb7b-4660-a418-0622a1673093,12/14/2023 23:54,-37.81711,144.96566,r1r0fg8g8,r7hdwwh,7.994580121,1346.139402
3851,09ba2cd8-eb7b-4660-a418-0622a1673093,12/23/2023 1:05,-37.81716,144.9656,r1r0fg8g8,r7hdwwh,7.994580121,1346.139402
3852,09ba2cd8-eb7b-4660-a418-0622a1673093,12/16/2023 5:10,-37.81704,144.96563,r1r0fg8g8,r7hdwwh,7.994580121,1346.139402
4037,0a26c587-cce0-485f-8742-c6183d31af0c,12/27/2023 14:05,-37.52963643,144.1738742,r1r0fywyw,r1r0fgc,7.856016325,7.57032453
4038,0a26c587-cce0-485f-8742-c6183d31af0c,12/22/2023 18:33,-37.82437654,144.9630451,r1r0fywyw,r1r0fgc,7.856016325,7.57032453
4039,0a26c587-cce0-485f-8742-c6183d31af0c,12/12/2023 14:22,-37.35132827,144.1406482,r1r0fywyw,r1r0fgc,7.856016325,7.57032453
4040,0a26c587-cce0-485f-8742-c6183d31af0c,12/16/2023 20:37,-37.47936345,144.1505413,r1r0fywyw,r1r0fgc,7.856016325,7.57032453
4045,0a29ddf3-0bc1-4be6-ba4b-3aaa41630ab0,12/9/2023 10:10,-37.83363,145.08892,r1r0v8d8d,r1r0v8d,2.998817696,3.046410674
4046,0a29ddf3-0bc1-4be6-ba4b-3aaa41630ab0,12/20/2023 18:14,-38.092055,145.347727,r1r0v8d8d,r1r0v8d,2.998817696,3.046410674
4047,0a29ddf3-0bc1-4be6-ba4b-3aaa41630ab0,12/3/2023 4:52,-37.84234,144.99729,r1r0v8d8d,r1r0v8d,2.998817696,3.046410674
4048,0a29ddf3-0bc1-4be6-ba4b-3aaa41630ab0,12/10/2023 16:38,-37.83377434,145.0887661,r1r0v8d8d,r1r0v8d,2.998817696,3.046410674
4049,0a2aa591-c33d-43bb-9eb2-cac5bed4067d,12/16/2023 15:51,-37.82284,145.08736,r1r0vd9d9,r1r0v6r,2.939911241,2.42065406
4050,0a2aa591-c33d-43bb-9eb2-cac5bed4067d,12/16/2023 19:38,-37.82282,145.0872,r1r0vd9d9,r1r0v6r,2.939911241,2.42065406
4051,0a2aa591-c33d-43bb-9eb2-cac5bed4067d,12/4/2023 5:56,-37.82298,145.08725,r1r0vd9d9,r1r0v6r,2.939911241,2.42065406
4052,0a2aa591-c33d-43bb-9eb2-cac5bed4067d,12/13/2023 1:51,-37.82293,145.08724,r1r0vd9d9,r1r0v6r,2.939911241,2.42065406
4101,0a4cb0f4-28af-44bd-a534-c80a1cba2296,12/9/2023 14:29,-37.82948179,145.0553074,r1r0ej4j4,r6vpuf1,7.214981253,1330.871903
4102,0a4cb0f4-28af-44bd-a534-c80a1cba2296,12/8/2023 3:04,-37.83021644,145.0554135,r1r0ej4j4,r6vpuf1,7.214981253,1330.871903
4103,0a4cb0f4-28af-44bd-a534-c80a1cba2296,12/11/2023 13:26,-37.82989066,145.0547274,r1r0ej4j4,r6vpuf1,7.214981253,1330.871903
4104,0a4cb0f4-28af-44bd-a534-c80a1cba2296,12/20/2023 19:55,-37.83047046,145.055842,r1r0ej4j4,r6vpuf1,7.214981253,1330.871903
4141,0a5dc782-c06b-4cbc-a26a-172316f0b161,12/21/2023 7:29,-37.82963543,145.0554352,r1r0mn3n3,r1r0mn3,6.693490231,6.829878666
4142,0a5dc782-c06b-4cbc-a26a-172316f0b161,12/3/2023 22:10,-37.83024822,145.0547847,r1r0mn3n3,r1r0mn3,6.693490231,6.829878666
4143,0a5dc782-c06b-4cbc-a26a-172316f0b161,12/15/2023 16:53,-37.82955984,145.0551634,r1r0mn3n3,r1r0mn3,6.693490231,6.829878666
4144,0a5dc782-c06b-4cbc-a26a-172316f0b161,12/22/2023 0:28,-37.82934476,145.0554104,r1r0mn3n3,r1r0mn3,6.693490231,6.829878666
4225,0aa75a1d-a3a6-49c1-8c24-49d01f0720d4,12/30/2023 14:50,-37.83017561,145.0546347,r1r0fdsds,r3gwc6v,8.407470043,703.6359449
4226,0aa75a1d-a3a6-49c1-8c24-49d01f0720d4,12/17/2023 6:09,-37.82889982,145.0562696,r1r0fdsds,r3gwc6v,8.407470043,703.6359449
4227,0aa75a1d-a3a6-49c1-8c24-49d01f0720d4,12/23/2023 14:04,-37.8298982,145.056002,r1r0fdsds,r3gwc6v,8.407470043,703.6359449
4228,0aa75a1d-a3a6-49c1-8c24-49d01f0720d4,12/19/2023 14:23,-37.82974567,145.0551157,r1r0fdsds,r3gwc6v,8.407470043,703.6359449
4534,0ba16962-1812-4ee2-8b05-21ea92eb316e,12/9/2023 10:30,-37.82944074,145.0556405,r1r0s6767,r1prmmp,4.626010744,43.03248668
4535,0ba16962-1812-4ee2-8b05-21ea92eb316e,12/25/2023 14:52,-37.8294627,145.0553214,r1r0s6767,r1prmmp,4.626010744,43.03248668
4536,0ba16962-1812-4ee2-8b05-21ea92eb316e,12/26/2023 6:08,-37.83014302,145.0560653,r1r0s6767,r1prmmp,4.626010744,43.03248668
4537,0ba16962-1812-4ee2-8b05-21ea92eb316e,12/29/2023 6:09,-37.82940597,145.054662,r1r0s6767,r1prmmp,4.626010744,43.03248668
4570,0bb706b0-ed7b-415a-9e89-b703eae00cba,12/12/2023 3:09,-37.82979609,145.0550973,r1r1hjsjs,r1r0s1r,7.998469119,5.00397023
4571,0bb706b0-ed7b-415a-9e89-b703eae00cba,12/21/2023 14:14,-37.82965031,145.0552183,r1r1hjsjs,r1r0s1r,7.998469119,5.00397023
4572,0bb706b0-ed7b-415a-9e89-b703eae00cba,12/16/2023 9:48,-37.83006401,145.0549527,r1r1hjsjs,r1r0s1r,7.998469119,5.00397023
4573,0bb706b0-ed7b-415a-9e89-b703eae00cba,12/30/2023 8:27,-37.82956132,145.0555549,r1r1hjsjs,r1r0s1r,7.998469119,5.00397023
4626,0bd0b682-3a36-4450-bc65-c95f41eb952b,12/14/2023 12:44,-37.76184455,144.9755762,r1r14gfgf,r1r14gf,9.987382243,10.01145166
4627,0bd0b682-3a36-4450-bc65-c95f41eb952b,12/4/2023 17:02,-37.76175462,144.9756225,r1r14gfgf,r1r14gf,9.987382243,10.01145166
4628,0bd0b682-3a36-4450-bc65-c95f41eb952b,12/26/2023 19:38,-37.76167754,144.9756886,r1r14gfgf,r1r14gf,9.987382243,10.01145166
4629,0bd0b682-3a36-4450-bc65-c95f41eb952b,12/17/2023 0:34,-37.76168006,144.9756683,r1r14gfgf,r1r14gf,9.987382243,10.01145166
4630,0bd2ba54-fab2-4d01-9662-da6379348f20,12/19/2023 21:09,-32.608916,115.641886,r1r0f6z6z,r1r0f6z,9.043383268,9.312456523
4631,0bd2ba54-fab2-4d01-9662-da6379348f20,12/4/2023 6:27,-37.67816651,144.8795054,r1r0f6z6z,r1r0f6z,9.043383268,9.312456523
4632,0bd2ba54-fab2-4d01-9662-da6379348f20,12/15/2023 14:08,-33.02660781,151.6057071,r1r0f6z6z,r1r0f6z,9.043383268,9.312456523
4633,0bd2ba54-fab2-4d01-9662-da6379348f20,12/30/2023 9:43,-37.65511118,144.8831639,r1r0f6z6z,r1r0f6z,9.043383268,9.312456523
4762,0c3aa87c-3dd6-4ca7-99e0-b1e68d1c0d0e,12/24/2023 17:04,-37.82292303,145.0974566,r1r0y4646,r1r0y46,4.868977677,4.922211906
4763,0c3aa87c-3dd6-4ca7-99e0-b1e68d1c0d0e,12/9/2023 18:45,-37.82324717,145.1030843,r1r0y4646,r1r0y46,4.868977677,4.922211906
4764,0c3aa87c-3dd6-4ca7-99e0-b1e68d1c0d0e,12/5/2023 17:53,-37.82826564,145.1181083,r1r0y4646,r1r0y46,4.868977677,4.922211906
4765,0c3aa87c-3dd6-4ca7-99e0-b1e68d1c0d0e,12/3/2023 21:53,-37.82365645,145.1115823,r1r0y4646,r1r0y46,4.868977677,4.922211906
4868,0c6839c8-d97c-40ab-a93e-27ed7cab1df6,12/6/2023 14:19,-37.82631021,145.0574904,r1r0v2j2j,r1r0v81,2.468829039,3.254926188
4869,0c6839c8-d97c-40ab-a93e-27ed7cab1df6,12/1/2023 8:34,-37.82633832,145.0574068,r1r0v2j2j,r1r0v81,2.468829039,3.254926188
4870,0c6839c8-d97c-40ab-a93e-27ed7cab1df6,12/27/2023 11:12,-37.82641553,145.0574089,r1r0v2j2j,r1r0v81,2.468829039,3.254926188
4871,0c6839c8-d97c-40ab-a93e-27ed7cab1df6,12/12/2023 1:39,-37.82637065,145.0574342,r1r0v2j2j,r1r0v81,2.468829039,3.254926188
4900,0c8ded77-d6c6-4066-a9d4-ecd23251fa09,12/5/2023 7:23,-37.82625075,145.0573952,r1r0sgcgc,r1r0g7s,3.326897211,5.836891301
4901,0c8ded77-d6c6-4066-a9d4-ecd23251fa09,12/6/2023 2:51,-37.82649251,145.057431,r1r0sgcgc,r1r0g7s,3.326897211,5.836891301
4902,0c8ded77-d6c6-4066-a9d4-ecd23251fa09,12/6/2023 12:24,-37.82627222,145.0574397,r1r0sgcgc,r1r0g7s,3.326897211,5.836891301
4903,0c8ded77-d6c6-4066-a9d4-ecd23251fa09,12/6/2023 20:31,-37.82642375,145.0574709,r1r0sgcgc,r1r0g7s,3.326897211,5.836891301
5069,0d05606e-1eca-4a19-8a47-d0eb15a819da,12/21/2023 13:08,-37.82635731,145.0573503,r1r0e1q1q,r1r0e1q,7.94747823,7.989286194
5070,0d05606e-1eca-4a19-8a47-d0eb15a819da,12/8/2023 2:57,-37.82651941,145.0574667,r1r0e1q1q,r1r0e1q,7.94747823,7.989286194
5071,0d05606e-1eca-4a19-8a47-d0eb15a819da,12/14/2023 21:47,-37.82643279,145.0574175,r1r0e1q1q,r1r0e1q,7.94747823,7.989286194
5072,0d05606e-1eca-4a19-8a47-d0eb15a819da,12/3/2023 16:24,-37.8264257,145.0573787,r1r0e1q1q,r1r0e1q,7.94747823,7.989286194
5293,0d8f6e13-6553-4f8a-b16d-5f317178bc1c,12/7/2023 0:02,-37.82629872,145.0573779,r1r15ekek,r22ezye,7.619398097,594.9403335
5294,0d8f6e13-6553-4f8a-b16d-5f317178bc1c,12/14/2023 15:52,-37.82635438,145.0574349,r1r15ekek,r22ezye,7.619398097,594.9403335
5295,0d8f6e13-6553-4f8a-b16d-5f317178bc1c,12/17/2023 10:36,-42.89794,147.2987,r1r15ekek,r22ezye,7.619398097,594.9403335
5296,0d8f6e13-6553-4f8a-b16d-5f317178bc1c,12/10/2023 9:36,-42.89787,147.2987,r1r15ekek,r22ezye,7.619398097,594.9403335
5481,0e02bc64-23ff-4810-b207-83b999bc7fed,12/4/2023 19:57,-38.2922,142.36772,r1r0geyey,r1r0gey,4.539877035,4.123142885
5482,0e02bc64-23ff-4810-b207-83b999bc7fed,12/5/2023 16:44,-37.80778,142.19392,r1r0geyey,r1r0gey,4.539877035,4.123142885
5483,0e02bc64-23ff-4810-b207-83b999bc7fed,12/26/2023 11:02,-37.81963,142.21911,r1r0geyey,r1r0gey,4.539877035,4.123142885
5484,0e02bc64-23ff-4810-b207-83b999bc7fed,12/20/2023 15:30,-38.35002,142.47896,r1r0geyey,r1r0gey,4.539877035,4.123142885
5521,0e1abc30-8dfb-493a-908e-35ec32b68df4,12/29/2023 5:59,-37.91446,144.98623,r1r07gqgq,r1r07gq,9.134807745,9.45369411
5522,0e1abc30-8dfb-493a-908e-35ec32b68df4,12/17/2023 11:01,-37.85356,144.99837,r1r07gqgq,r1r07gq,9.134807745,9.45369411
5523,0e1abc30-8dfb-493a-908e-35ec32b68df4,12/8/2023 23:50,-37.68943,143.65526,r1r07gqgq,r1r07gq,9.134807745,9.45369411
5524,0e1abc30-8dfb-493a-908e-35ec32b68df4,12/1/2023 2:43,-37.89724,145.00368,r1r07gqgq,r1r07gq,9.134807745,9.45369411
5537,0e2e606f-8629-431f-afa2-671bc9119be4,12/7/2023 11:37,-37.82825,144.98821,r1r0fb9b9,r1ppuuy,7.762923805,17.83133736
5538,0e2e606f-8629-431f-afa2-671bc9119be4,12/17/2023 23:03,-37.81673,144.99412,r1r0fb9b9,r1ppuuy,7.762923805,17.83133736
5539,0e2e606f-8629-431f-afa2-671bc9119be4,12/13/2023 8:02,-37.8337,144.9664,r1r0fb9b9,r1ppuuy,7.762923805,17.83133736
5540,0e2e606f-8629-431f-afa2-671bc9119be4,12/31/2023 4:54,-37.93573,145.03672,r1r0fb9b9,r1ppuuy,7.762923805,17.83133736
5549,0e4194e1-e937-4be0-b754-d6c643620bc6,12/20/2023 21:46,-37.89222032,145.0169473,r1r07vyvy,r1r07vy,7.681177783,7.389002892
5550,0e4194e1-e937-4be0-b754-d6c643620bc6,12/11/2023 20:49,-37.88500888,145.0835174,r1r07vyvy,r1r07vy,7.681177783,7.389002892
5551,0e4194e1-e937-4be0-b754-d6c643620bc6,12/27/2023 6:44,-37.892438,145.0170149,r1r07vyvy,r1r07vy,7.681177783,7.389002892
5552,0e4194e1-e937-4be0-b754-d6c643620bc6,12/30/2023 5:26,-37.89225523,145.0171734,r1r07vyvy,r1r07vy,7.681177783,7.389002892
5573,0e53022b-717c-40b7-bd5b-de756a57d719,12/1/2023 21:13,-37.62688,145.00371,r1r0dgngn,r1r0exz,8.077523842,4.141680817
5574,0e53022b-717c-40b7-bd5b-de756a57d719,12/17/2023 3:44,-37.63164,145.01238,r1r0dgngn,r1r0exz,8.077523842,4.141680817
5575,0e53022b-717c-40b7-bd5b-de756a57d719,12/1/2023 13:03,-37.62681,145.00393,r1r0dgngn,r1r0exz,8.077523842,4.141680817
5576,0e53022b-717c-40b7-bd5b-de756a57d719,12/29/2023 1:40,-37.65143,145.0485,r1r0dgngn,r1r0exz,8.077523842,4.141680817
5593,0e5e057d-c832-4064-a7ef-dfc6e2eea87d,12/2/2023 19:54,-36.80277817,145.4688569,r1r0fssss,r1r0mqj,8.615448596,7.048508191
5594,0e5e057d-c832-4064-a7ef-dfc6e2eea87d,12/22/2023 17:53,-34.95337205,148.1612284,r1r0fssss,r1r0mqj,8.615448596,7.048508191
5595,0e5e057d-c832-4064-a7ef-dfc6e2eea87d,12/6/2023 3:29,-36.71978841,145.626081,r1r0fssss,r1r0mqj,8.615448596,7.048508191
5596,0e5e057d-c832-4064-a7ef-dfc6e2eea87d,12/9/2023 2:10,-34.81492601,148.3351656,r1r0fssss,r1r0mqj,8.615448596,7.048508191
5621,0e7045b8-00a5-43b4-b51c-de0c15d05da7,12/5/2023 7:40,-41.15468701,146.5343814,r1r0xh8h8,r1ppzn6,8.905171046,18.66522132
5622,0e7045b8-00a5-43b4-b51c-de0c15d05da7,12/9/2023 12:05,-41.15468683,146.5343001,r1r0xh8h8,r1ppzn6,8.905171046,18.66522132
5623,0e7045b8-00a5-43b4-b51c-de0c15d05da7,12/12/2023 7:50,-41.15464512,146.5343133,r1r0xh8h8,r1ppzn6,8.905171046,18.66522132
5624,0e7045b8-00a5-43b4-b51c-de0c15d05da7,12/5/2023 23:27,-41.15465545,146.5343045,r1r0xh8h8,r1ppzn6,8.905171046,18.66522132
5689,0eb1028f-e4d5-42b8-a23b-ac3de4bc701e,12/1/2023 18:41,-38.21584,145.06237,r1r07s7s7,r1r07s7,9.15731432,9.204155771
5690,0eb1028f-e4d5-42b8-a23b-ac3de4bc701e,12/22/2023 23:21,-37.94525,145.0833,r1r07s7s7,r1r07s7,9.15731432,9.204155771
5691,0eb1028f-e4d5-42b8-a23b-ac3de4bc701e,12/10/2023 8:13,-37.941276,145.09276,r1r07s7s7,r1r07s7,9.15731432,9.204155771
5692,0eb1028f-e4d5-42b8-a23b-ac3de4bc701e,12/24/2023 11:35,-37.94187,145.08796,r1r07s7s7,r1r07s7,9.15731432,9.204155771
5697,0eb3451a-aea1-4c21-a62d-74736aed78ef,12/10/2023 11:24,-37.76724,145.04422,r1r0fs0s0,r1r2fuu,9.038150525,23.35203842
5698,0eb3451a-aea1-4c21-a62d-74736aed78ef,12/14/2023 18:54,-37.8089,144.99316,r1r0fs0s0,r1r2fuu,9.038150525,23.35203842
5699,0eb3451a-aea1-4c21-a62d-74736aed78ef,12/23/2023 2:13,-37.7793,145.00148,r1r0fs0s0,r1r2fuu,9.038150525,23.35203842
5700,0eb3451a-aea1-4c21-a62d-74736aed78ef,12/16/2023 23:09,-37.81941,145.31471,r1r0fs0s0,r1r2fuu,9.038150525,23.35203842
5701,0eb8cf0b-38f8-490a-8a3a-9e0008487d12,12/1/2023 10:30,-37.75168,145.07227,r1r1jpwpw,r1r1jpw,8.925819151,8.953654476
5702,0eb8cf0b-38f8-490a-8a3a-9e0008487d12,12/25/2023 15:48,-37.79757423,144.9845474,r1r1jpwpw,r1r1jpw,8.925819151,8.953654476
5703,0eb8cf0b-38f8-490a-8a3a-9e0008487d12,12/5/2023 22:46,-37.7929,144.97494,r1r1jpwpw,r1r1jpw,8.925819151,8.953654476
5704,0eb8cf0b-38f8-490a-8a3a-9e0008487d12,12/9/2023 13:46,-37.75156,145.07231,r1r1jpwpw,r1r1jpw,8.925819151,8.953654476
5729,0ec9310c-183a-42d9-8edb-c293a4d92667,12/20/2023 21:49,-34.75153,149.72097,r1r0g7y7y,r1r20zp,5.490619335,19.67651991
5730,0ec9310c-183a-42d9-8edb-c293a4d92667,12/23/2023 4:11,-34.75158,149.7208,r1r0g7y7y,r1r20zp,5.490619335,19.67651991
5731,0ec9310c-183a-42d9-8edb-c293a4d92667,12/20/2023 17:50,-37.92893,145.24993,r1r0g7y7y,r1r20zp,5.490619335,19.67651991
5732,0ec9310c-183a-42d9-8edb-c293a4d92667,12/1/2023 21:25,-34.75154,149.7208,r1r0g7y7y,r1r20zp,5.490619335,19.67651991
5881,0f28d1e3-b2db-4637-95f9-820583a7cd05,12/1/2023 13:45,-37.8355,145.03769,r1r0u2m2m,r1ppnyw,1.652587079,32.25611683
5882,0f28d1e3-b2db-4637-95f9-820583a7cd05,12/12/2023 21:54,-37.83542,145.03772,r1r0u2m2m,r1ppnyw,1.652587079,32.25611683
5883,0f28d1e3-b2db-4637-95f9-820583a7cd05,12/23/2023 17:22,-37.83901,144.9973,r1r0u2m2m,r1ppnyw,1.652587079,32.25611683
5884,0f28d1e3-b2db-4637-95f9-820583a7cd05,12/21/2023 1:51,-37.83545,145.0377,r1r0u2m2m,r1ppnyw,1.652587079,32.25611683
5953,0f52eba8-338a-413d-baaf-1c5083f53d13,12/31/2023 21:23,-37.8002074,145.070766,r1r0vntnt,r1r0vnt,3.552791951,3.543565014
5954,0f52eba8-338a-413d-baaf-1c5083f53d13,12/24/2023 0:57,-37.86623881,145.0328231,r1r0vntnt,r1r0vnt,3.552791951,3.543565014
5955,0f52eba8-338a-413d-baaf-1c5083f53d13,12/9/2023 8:33,-37.78435712,145.1252206,r1r0vntnt,r1r0vnt,3.552791951,3.543565014
5956,0f52eba8-338a-413d-baaf-1c5083f53d13,12/5/2023 21:42,-37.86691605,145.0395625,r1r0vntnt,r1r0vnt,3.552791951,3.543565014
6074,0f95bf98-84a3-4b24-ab8d-ae537fb7bda8,12/4/2023 17:36,-34.86879,138.5488,r1r0f9f9f,r1r0fu0,8.622382889,7.806917525
6075,0f95bf98-84a3-4b24-ab8d-ae537fb7bda8,12/26/2023 15:32,-37.73831,145.06643,r1r0f9f9f,r1r0fu0,8.622382889,7.806917525
6076,0f95bf98-84a3-4b24-ab8d-ae537fb7bda8,12/30/2023 6:50,-37.86754,145.09007,r1r0f9f9f,r1r0fu0,8.622382889,7.806917525
6077,0f95bf98-84a3-4b24-ab8d-ae537fb7bda8,12/22/2023 16:15,-34.8688,138.54874,r1r0f9f9f,r1r0fu0,8.622382889,7.806917525
6094,0f9fb1bd-5fea-454e-93c0-6de93b3fc8ca,12/4/2023 22:31,-37.43271,143.4404,r1r0e0y0y,r1pppj0,8.143256729,33.33171149
6095,0f9fb1bd-5fea-454e-93c0-6de93b3fc8ca,12/31/2023 23:01,-36.77009,141.23689,r1r0e0y0y,r1pppj0,8.143256729,33.33171149
6096,0f9fb1bd-5fea-454e-93c0-6de93b3fc8ca,12/25/2023 13:19,-37.87482,144.98724,r1r0e0y0y,r1pppj0,8.143256729,33.33171149
6097,0f9fb1bd-5fea-454e-93c0-6de93b3fc8ca,12/5/2023 22:11,-37.64976,142.34423,r1r0e0y0y,r1pppj0,8.143256729,33.33171149
6266,0fed975d-f2f4-4d15-a131-f43bdf35d3a2,12/26/2023 16:44,-41.19178,146.35495,r1r0sw3w3,r28j7yj,2.028123719,395.7830703
6267,0fed975d-f2f4-4d15-a131-f43bdf35d3a2,12/30/2023 5:41,-37.8579,145.0234,r1r0sw3w3,r28j7yj,2.028123719,395.7830703
6268,0fed975d-f2f4-4d15-a131-f43bdf35d3a2,12/29/2023 2:25,-41.1942,146.36058,r1r0sw3w3,r28j7yj,2.028123719,395.7830703
6269,0fed975d-f2f4-4d15-a131-f43bdf35d3a2,12/21/2023 16:15,-37.85794,145.02322,r1r0sw3w3,r28j7yj,2.028123719,395.7830703
6538,109db1e3-db99-446d-99de-e795963c4c28,12/19/2023 12:26,-37.77647,145.30844,r1r0zpdpd,r1r0zpd,9.531519236,8.948332067
6539,109db1e3-db99-446d-99de-e795963c4c28,12/12/2023 15:16,-37.7764,145.30845,r1r0zpdpd,r1r0zpd,9.531519236,8.948332067
6540,109db1e3-db99-446d-99de-e795963c4c28,12/17/2023 12:42,-37.80557,145.32737,r1r0zpdpd,r1r0zpd,9.531519236,8.948332067
6541,109db1e3-db99-446d-99de-e795963c4c28,12/23/2023 5:14,-37.77672,145.30843,r1r0zpdpd,r1r0zpd,9.531519236,8.948332067
6626,10cb001c-79e4-413a-b4ce-e80ab3091c21,12/19/2023 9:45,-37.80988,144.97247,r1r0m6x6x,r1r1466,9.360123051,10.77624888
6627,10cb001c-79e4-413a-b4ce-e80ab3091c21,12/26/2023 16:54,-37.79981,144.99243,r1r0m6x6x,r1r1466,9.360123051,10.77624888
6628,10cb001c-79e4-413a-b4ce-e80ab3091c21,12/25/2023 19:00,-37.80987,144.97247,r1r0m6x6x,r1r1466,9.360123051,10.77624888
6629,10cb001c-79e4-413a-b4ce-e80ab3091c21,12/13/2023 17:28,-37.80986,144.97246,r1r0m6x6x,r1r1466,9.360123051,10.77624888
6682,10f15027-890c-471c-9011-d8d56348b85d,12/20/2023 9:06,-37.8138,144.98823,r1r0t3434,r1r0t34,5.429602759,4.97961978
6683,10f15027-890c-471c-9011-d8d56348b85d,12/11/2023 19:06,-37.80578,144.9919,r1r0t3434,r1r0t34,5.429602759,4.97961978
6684,10f15027-890c-471c-9011-d8d56348b85d,12/27/2023 15:52,-33.86248,151.21362,r1r0t3434,r1r0t34,5.429602759,4.97961978
6685,10f15027-890c-471c-9011-d8d56348b85d,12/21/2023 4:22,-37.80706,144.9903,r1r0t3434,r1r0t34,5.429602759,4.97961978
6690,10f5b31e-9829-42df-9c22-bf0378c90655,12/30/2023 15:19,-37.74338,144.73385,r1r15f9f9,r1r15f9,6.867948893,6.809421856
6691,10f5b31e-9829-42df-9c22-bf0378c90655,12/15/2023 13:04,-37.62187,145.0405,r1r15f9f9,r1r15f9,6.867948893,6.809421856
6692,10f5b31e-9829-42df-9c22-bf0378c90655,12/27/2023 2:39,-37.6218,145.04054,r1r15f9f9,r1r15f9,6.867948893,6.809421856
6693,10f5b31e-9829-42df-9c22-bf0378c90655,12/7/2023 2:33,-37.62183,145.040543,r1r15f9f9,r1r15f9,6.867948893,6.809421856
6758,112e4288-57c0-4e2c-8ffc-e7f25043bf5b,12/28/2023 1:12,-37.90087632,145.1054089,r1r0myzyz,r1r0myz,7.799040683,8.248190185
6759,112e4288-57c0-4e2c-8ffc-e7f25043bf5b,12/16/2023 20:59,-37.88755771,145.106724,r1r0myzyz,r1r0myz,7.799040683,8.248190185
6760,112e4288-57c0-4e2c-8ffc-e7f25043bf5b,12/10/2023 19:38,-37.88743554,145.1067364,r1r0myzyz,r1r0myz,7.799040683,8.248190185
6761,112e4288-57c0-4e2c-8ffc-e7f25043bf5b,12/3/2023 11:29,-37.92086248,145.1204023,r1r0myzyz,r1r0myz,7.799040683,8.248190185
6790,11465eea-ce35-4cc0-988d-4d27428bccc8,12/2/2023 1:05,-37.75684,145.06955,r1r1j7r7r,r1r1j7r,6.656914689,6.981695723
6791,11465eea-ce35-4cc0-988d-4d27428bccc8,12/24/2023 16:54,-37.9977,145.21504,r1r1j7r7r,r1r1j7r,6.656914689,6.981695723
6792,11465eea-ce35-4cc0-988d-4d27428bccc8,12/29/2023 21:42,-37.75873,145.06925,r1r1j7r7r,r1r1j7r,6.656914689,6.981695723
6793,11465eea-ce35-4cc0-988d-4d27428bccc8,12/17/2023 3:44,-37.68952,144.98345,r1r1j7r7r,r1r1j7r,6.656914689,6.981695723
6858,11624bfe-1c8c-498b-9287-0d7c0dbbec06,12/9/2023 3:19,-37.775,145.09346,r1r1hj1j1,r1qbshm,7.839719666,33.1276018
6859,11624bfe-1c8c-498b-9287-0d7c0dbbec06,12/15/2023 7:09,-37.77503,145.09331,r1r1hj1j1,r1qbshm,7.839719666,33.1276018
6860,11624bfe-1c8c-498b-9287-0d7c0dbbec06,12/5/2023 6:58,-37.77509,145.09348,r1r1hj1j1,r1qbshm,7.839719666,33.1276018
6861,11624bfe-1c8c-498b-9287-0d7c0dbbec06,12/20/2023 5:56,-37.77498,145.09332,r1r1hj1j1,r1qbshm,7.839719666,33.1276018
6922,118a4d61-5081-42a1-ab40-fc3319937062,12/7/2023 4:34,-37.83328,144.96667,r1r0dukuk,r1r0duk,7.969843704,8.214976234
6923,118a4d61-5081-42a1-ab40-fc3319937062,12/25/2023 2:37,-37.83337,144.96668,r1r0dukuk,r1r0duk,7.969843704,8.214976234
6924,118a4d61-5081-42a1-ab40-fc3319937062,12/8/2023 21:54,-37.83327,144.96673,r1r0dukuk,r1r0duk,7.969843704,8.214976234
6925,118a4d61-5081-42a1-ab40-fc3319937062,12/7/2023 16:57,-37.83325,144.96665,r1r0dukuk,r1r0duk,7.969843704,8.214976234
6978,11ba6e98-9b4c-45a3-b591-3f4bcbf64093,12/16/2023 5:35,-37.77782,145.02493,r1r155454,r1r1v9u,9.016412451,20.21111995
6979,11ba6e98-9b4c-45a3-b591-3f4bcbf64093,12/17/2023 9:44,-37.7761,144.97891,r1r155454,r1r1v9u,9.016412451,20.21111995
6980,11ba6e98-9b4c-45a3-b591-3f4bcbf64093,12/9/2023 2:45,-37.83848,144.94066,r1r155454,r1r1v9u,9.016412451,20.21111995
6981,11ba6e98-9b4c-45a3-b591-3f4bcbf64093,12/20/2023 11:30,-37.83824,144.94055,r1r155454,r1r1v9u,9.016412451,20.21111995
7026,11d11119-cef3-4a27-a3b6-55324b4983d7,12/10/2023 22:45,-38.38211,142.48488,r1r0wtptp,r1r0wtp,7.857307311,7.772114038
7027,11d11119-cef3-4a27-a3b6-55324b4983d7,12/3/2023 8:38,-38.32879,143.78338,r1r0wtptp,r1r0wtp,7.857307311,7.772114038
7028,11d11119-cef3-4a27-a3b6-55324b4983d7,12/25/2023 3:02,-37.8491,145.13455,r1r0wtptp,r1r0wtp,7.857307311,7.772114038
7029,11d11119-cef3-4a27-a3b6-55324b4983d7,12/3/2023 17:05,-37.78623,144.8309,r1r0wtptp,r1r0wtp,7.857307311,7.772114038
7120,12016ea0-d2c5-495a-b2e8-87162d8339cf,12/12/2023 20:58,-37.81438,144.9492,r1r0vbgbg,r1r0fkh,4.086599478,9.505996999
7121,12016ea0-d2c5-495a-b2e8-87162d8339cf,12/18/2023 23:49,-37.81438,144.94924,r1r0vbgbg,r1r0fkh,4.086599478,9.505996999
7122,12016ea0-d2c5-495a-b2e8-87162d8339cf,12/15/2023 12:45,-37.81422,144.94923,r1r0vbgbg,r1r0fkh,4.086599478,9.505996999
7123,12016ea0-d2c5-495a-b2e8-87162d8339cf,12/16/2023 3:21,-37.81424,144.94918,r1r0vbgbg,r1r0fkh,4.086599478,9.505996999
7148,1214dc82-deb2-4b3c-b457-7ba3ce489db5,12/8/2023 13:08,-37.80449,145.0476,r1r0gstst,r1r0t12,4.840705001,4.502038466
7149,1214dc82-deb2-4b3c-b457-7ba3ce489db5,12/4/2023 10:04,-37.8044,145.04757,r1r0gstst,r1r0t12,4.840705001,4.502038466
7150,1214dc82-deb2-4b3c-b457-7ba3ce489db5,12/5/2023 7:54,-37.80446,145.04758,r1r0gstst,r1r0t12,4.840705001,4.502038466
7151,1214dc82-deb2-4b3c-b457-7ba3ce489db5,12/10/2023 15:15,-37.80854,144.96801,r1r0gstst,r1r0t12,4.840705001,4.502038466
7436,12cfff3b-3f79-41dc-b2f1-93dc34cdb69f,12/27/2023 14:09,-34.9114,138.56111,r1r0f2h2h,r1r0bxw,9.397472295,16.60996281
7437,12cfff3b-3f79-41dc-b2f1-93dc34cdb69f,12/30/2023 12:56,-34.6198,138.72457,r1r0f2h2h,r1r0bxw,9.397472295,16.60996281
7438,12cfff3b-3f79-41dc-b2f1-93dc34cdb69f,12/13/2023 0:23,-37.79734,144.84251,r1r0f2h2h,r1r0bxw,9.397472295,16.60996281
7439,12cfff3b-3f79-41dc-b2f1-93dc34cdb69f,12/29/2023 6:12,-34.85536,138.53317,r1r0f2h2h,r1r0bxw,9.397472295,16.60996281
7644,133b1423-f8c0-4a41-a858-b816b5df619e,12/14/2023 3:59,-37.82172,145.17536,r1r0zkckc,r1r1jty,9.802798206,8.326059865
7645,133b1423-f8c0-4a41-a858-b816b5df619e,12/17/2023 2:08,-37.86878,145.14091,r1r0zkckc,r1r1jty,9.802798206,8.326059865
7646,133b1423-f8c0-4a41-a858-b816b5df619e,12/31/2023 23:39,-37.86884,145.14102,r1r0zkckc,r1r1jty,9.802798206,8.326059865
7647,133b1423-f8c0-4a41-a858-b816b5df619e,12/22/2023 0:28,-37.86877,145.14097,r1r0zkckc,r1r1jty,9.802798206,8.326059865
7668,134efe58-f521-4aee-8c50-de8e18c55fb8,12/29/2023 22:50,-37.78807,144.83255,r1r0s8n8n,r1r0km2,5.698539197,8.128726486
7669,134efe58-f521-4aee-8c50-de8e18c55fb8,12/22/2023 23:51,-37.81146,144.80872,r1r0s8n8n,r1r0km2,5.698539197,8.128726486
7670,134efe58-f521-4aee-8c50-de8e18c55fb8,12/22/2023 19:26,-37.81535,144.80733,r1r0s8n8n,r1r0km2,5.698539197,8.128726486
7671,134efe58-f521-4aee-8c50-de8e18c55fb8,12/8/2023 20:46,-37.81536,144.8073,r1r0s8n8n,r1r0km2,5.698539197,8.128726486
7700,136d859d-d16a-491f-99e1-397150ddd51d,12/20/2023 3:49,-37.64493,144.96359,r1r1m3737,r1r1m37,9.982140746,10.20534799
7701,136d859d-d16a-491f-99e1-397150ddd51d,12/31/2023 6:51,-37.64056,144.96427,r1r1m3737,r1r1m37,9.982140746,10.20534799
7702,136d859d-d16a-491f-99e1-397150ddd51d,12/3/2023 9:24,-37.71744,144.82534,r1r1m3737,r1r1m37,9.982140746,10.20534799
7703,136d859d-d16a-491f-99e1-397150ddd51d,12/15/2023 1:48,-37.87466,145.09013,r1r1m3737,r1r1m37,9.982140746,10.20534799
7748,138be994-8014-4e12-9e3f-221e52eb05e2,12/26/2023 6:06,-37.89853,145.1202,r1r0t3n3n,r1r0t3n,5.626272762,4.97961978
7749,138be994-8014-4e12-9e3f-221e52eb05e2,12/3/2023 3:34,-37.8985,145.1202,r1r0t3n3n,r1r0t3n,5.626272762,4.97961978
7750,138be994-8014-4e12-9e3f-221e52eb05e2,12/14/2023 6:26,-37.85527,145.11848,r1r0t3n3n,r1r0t3n,5.626272762,4.97961978
7751,138be994-8014-4e12-9e3f-221e52eb05e2,12/23/2023 19:06,-37.87398,145.15338,r1r0t3n3n,r1r0t3n,5.626272762,4.97961978
7848,13d5d4d4-0a49-4514-9bc5-c183081167cb,12/16/2023 11:09,-37.88486,145.04728,r1r0k6t6t,r1r0z7n,9.125191698,10.13030808
7849,13d5d4d4-0a49-4514-9bc5-c183081167cb,12/8/2023 20:07,-37.9172,145.03716,r1r0k6t6t,r1r0z7n,9.125191698,10.13030808
7850,13d5d4d4-0a49-4514-9bc5-c183081167cb,12/18/2023 16:58,-37.88487,145.04728,r1r0k6t6t,r1r0z7n,9.125191698,10.13030808
7851,13d5d4d4-0a49-4514-9bc5-c183081167cb,12/19/2023 16:45,-37.95447,145.04766,r1r0k6t6t,r1r0z7n,9.125191698,10.13030808
7900,13fbd210-5dc7-4187-bd0e-7aca8ba8f987,12/6/2023 6:42,-37.71597,144.75442,r1r0fkvkv,r1r0fkv,9.497449401,9.505996999
7901,13fbd210-5dc7-4187-bd0e-7aca8ba8f987,12/23/2023 9:03,-37.80965,144.95044,r1r0fkvkv,r1r0fkv,9.497449401,9.505996999
7902,13fbd210-5dc7-4187-bd0e-7aca8ba8f987,12/30/2023 11:02,-37.7102,144.75695,r1r0fkvkv,r1r0fkv,9.497449401,9.505996999
7903,13fbd210-5dc7-4187-bd0e-7aca8ba8f987,12/30/2023 17:06,-37.70368,144.77928,r1r0fkvkv,r1r0fkv,9.497449401,9.505996999
8033,1448dd94-b1ef-413b-a4cd-af9cd1bb651a,12/12/2023 1:34,-37.81663458,145.0470804,r1r0ueses,r1r0fp6,1.543184656,10.65382182
8034,1448dd94-b1ef-413b-a4cd-af9cd1bb651a,12/3/2023 0:00,-37.78824853,144.9311125,r1r0ueses,r1r0fp6,1.543184656,10.65382182
8035,1448dd94-b1ef-413b-a4cd-af9cd1bb651a,12/12/2023 5:56,-37.8166411,145.0470206,r1r0ueses,r1r0fp6,1.543184656,10.65382182
8036,1448dd94-b1ef-413b-a4cd-af9cd1bb651a,12/12/2023 12:35,-37.81661168,145.0470044,r1r0ueses,r1r0fp6,1.543184656,10.65382182
8045,144d162d-4edf-4efa-9a4d-c53707f7cf6e,12/28/2023 5:11,-37.81465401,144.9911187,r1r0fdrdr,r1prekm,8.026621119,34.11965003
8046,144d162d-4edf-4efa-9a4d-c53707f7cf6e,12/15/2023 2:11,-37.94454,145.47913,r1r0fdrdr,r1prekm,8.026621119,34.11965003
8047,144d162d-4edf-4efa-9a4d-c53707f7cf6e,12/1/2023 5:03,-37.94453,145.47914,r1r0fdrdr,r1prekm,8.026621119,34.11965003
8048,144d162d-4edf-4efa-9a4d-c53707f7cf6e,12/23/2023 2:13,-38.03298,145.3452,r1r0fdrdr,r1prekm,8.026621119,34.11965003
8129,147c1605-1ae4-4665-b30d-2a14349cdd9a,12/30/2023 20:21,-37.8856,145.0605,r1r0kzjzj,r1r0kzj,6.179693492,6.719704897
8130,147c1605-1ae4-4665-b30d-2a14349cdd9a,12/25/2023 0:09,-37.8856,145.06058,r1r0kzjzj,r1r0kzj,6.179693492,6.719704897
8131,147c1605-1ae4-4665-b30d-2a14349cdd9a,12/14/2023 7:34,-37.87686,145.00193,r1r0kzjzj,r1r0kzj,6.179693492,6.719704897
8132,147c1605-1ae4-4665-b30d-2a14349cdd9a,12/9/2023 21:25,-37.88563,145.06059,r1r0kzjzj,r1r0kzj,6.179693492,6.719704897
8229,14b8f573-b665-4873-a61b-b8a681365896,12/19/2023 15:21,-37.89624,145.04965,r1r0ktjtj,r1r0kw6,7.44861668,6.840545734
8230,14b8f573-b665-4873-a61b-b8a681365896,12/18/2023 18:05,-37.89632,145.04964,r1r0ktjtj,r1r0kw6,7.44861668,6.840545734
8231,14b8f573-b665-4873-a61b-b8a681365896,12/9/2023 16:41,-37.81733,144.96893,r1r0ktjtj,r1r0kw6,7.44861668,6.840545734
8232,14b8f573-b665-4873-a61b-b8a681365896,12/11/2023 8:14,-37.89628,145.04962,r1r0ktjtj,r1r0kw6,7.44861668,6.840545734
8257,14d51fa3-6e79-48cc-9c9b-d1eeef27c003,12/14/2023 12:38,-37.67685,145.03616,r1r0ejpjp,r1r0ejp,6.634962224,6.16453345
8258,14d51fa3-6e79-48cc-9c9b-d1eeef27c003,12/16/2023 12:29,-37.92222448,145.0314054,r1r0ejpjp,r1r0ejp,6.634962224,6.16453345
8259,14d51fa3-6e79-48cc-9c9b-d1eeef27c003,12/5/2023 4:42,-37.9222357,145.0312678,r1r0ejpjp,r1r0ejp,6.634962224,6.16453345
8260,14d51fa3-6e79-48cc-9c9b-d1eeef27c003,12/10/2023 13:27,-37.67688,145.03604,r1r0ejpjp,r1r0ejp,6.634962224,6.16453345
8265,14d7e1ba-a46e-402c-b67b-c653c38d5f39,12/25/2023 0:57,-37.81338,144.9825,r1r0fsgsg,r1r0use,8.772609032,2.237734651
8266,14d7e1ba-a46e-402c-b67b-c653c38d5f39,12/28/2023 7:17,-37.81328,144.98258,r1r0fsgsg,r1r0use,8.772609032,2.237734651
8267,14d7e1ba-a46e-402c-b67b-c653c38d5f39,12/28/2023 23:59,-37.81335,144.98256,r1r0fsgsg,r1r0use,8.772609032,2.237734651
8268,14d7e1ba-a46e-402c-b67b-c653c38d5f39,12/8/2023 20:17,-37.81321,144.98268,r1r0fsgsg,r1r0use,8.772609032,2.237734651
8269,14d82715-30be-4820-8cc8-1c4ff06d4cd8,12/28/2023 0:49,-37.8523,145.03494,r1r0ubpbp,r1r0g9d,1.077458591,4.858239083
8270,14d82715-30be-4820-8cc8-1c4ff06d4cd8,12/7/2023 0:39,-37.8634,144.88828,r1r0ubpbp,r1r0g9d,1.077458591,4.858239083
8271,14d82715-30be-4820-8cc8-1c4ff06d4cd8,12/8/2023 16:29,-37.86349,144.88826,r1r0ubpbp,r1r0g9d,1.077458591,4.858239083
8272,14d82715-30be-4820-8cc8-1c4ff06d4cd8,12/5/2023 15:30,-37.84186,144.88466,r1r0ubpbp,r1r0g9d,1.077458591,4.858239083
8305,14eab740-b1a9-4a90-845d-352019936deb,12/2/2023 19:10,-37.9604,145.04516,r1r0tt7t7,r1r0tse,3.894104364,4.543234963
8306,14eab740-b1a9-4a90-845d-352019936deb,12/17/2023 5:13,-42.82582,147.27568,r1r0tt7t7,r1r0tse,3.894104364,4.543234963
8307,14eab740-b1a9-4a90-845d-352019936deb,12/24/2023 18:29,-38.04721,145.11713,r1r0tt7t7,r1r0tse,3.894104364,4.543234963
8308,14eab740-b1a9-4a90-845d-352019936deb,12/24/2023 4:04,-42.82587,147.27579,r1r0tt7t7,r1r0tse,3.894104364,4.543234963
8329,1509396a-e5b2-4b3e-889f-f84e7ef50c00,12/9/2023 14:59,-37.71843508,145.0402685,r1r1h2m2m,r1r1kmx,4.50986586,12.27008887
8330,1509396a-e5b2-4b3e-889f-f84e7ef50c00,12/30/2023 2:20,-37.71848472,145.0402275,r1r1h2m2m,r1r1kmx,4.50986586,12.27008887
8331,1509396a-e5b2-4b3e-889f-f84e7ef50c00,12/22/2023 1:57,-37.71834688,145.0402852,r1r1h2m2m,r1r1kmx,4.50986586,12.27008887
8332,1509396a-e5b2-4b3e-889f-f84e7ef50c00,12/7/2023 21:38,-37.71842522,145.0402463,r1r1h2m2m,r1r1kmx,4.50986586,12.27008887
8393,153ec61a-ff49-4f20-b517-e00fbd220485,12/15/2023 17:30,-37.77822,144.98125,r1r0sh1h1,r1r0sh1,4.374387939,4.580543305
8394,153ec61a-ff49-4f20-b517-e00fbd220485,12/19/2023 12:28,-37.77502,144.98116,r1r0sh1h1,r1r0sh1,4.374387939,4.580543305
8395,153ec61a-ff49-4f20-b517-e00fbd220485,12/14/2023 20:35,-37.83695,145.21752,r1r0sh1h1,r1r0sh1,4.374387939,4.580543305
8396,153ec61a-ff49-4f20-b517-e00fbd220485,12/3/2023 11:29,-37.77502,144.98124,r1r0sh1h1,r1r0sh1,4.374387939,4.580543305
8497,15978eeb-ec61-4c3b-889c-6edbfb2cb4c1,12/21/2023 1:25,-37.8117,145.10063,r1r0fgcgc,r1r0fgc,7.904958012,7.57032453
8498,15978eeb-ec61-4c3b-889c-6edbfb2cb4c1,12/26/2023 5:46,-37.81168,145.10058,r1r0fgcgc,r1r0fgc,7.904958012,7.57032453
8499,15978eeb-ec61-4c3b-889c-6edbfb2cb4c1,12/19/2023 9:10,-37.81179,145.1006,r1r0fgcgc,r1r0fgc,7.904958012,7.57032453
8500,15978eeb-ec61-4c3b-889c-6edbfb2cb4c1,12/30/2023 12:40,-37.81169,145.10062,r1r0fgcgc,r1r0fgc,7.904958012,7.57032453
8601,15cdd330-b3c0-4517-9024-77e0472c5f1d,12/23/2023 23:15,-33.85861,151.11075,r1r0fv3v3,r3grqs5,8.142029249,701.6218611
8602,15cdd330-b3c0-4517-9024-77e0472c5f1d,12/8/2023 14:29,-33.91672,151.2258,r1r0fv3v3,r3grqs5,8.142029249,701.6218611
8603,15cdd330-b3c0-4517-9024-77e0472c5f1d,12/23/2023 21:36,-33.87346,151.09645,r1r0fv3v3,r3grqs5,8.142029249,701.6218611
8604,15cdd330-b3c0-4517-9024-77e0472c5f1d,12/4/2023 4:21,-33.84598,151.10156,r1r0fv3v3,r3grqs5,8.142029249,701.6218611
8665,15f9d288-0f98-45b3-a60f-d6557e901d62,12/30/2023 4:49,-37.91160556,144.7838082,r1r0vkqkq,r1r0vkq,3.092848282,3.080705017
8666,15f9d288-0f98-45b3-a60f-d6557e901d62,12/6/2023 21:34,-37.89806216,144.7699628,r1r0vkqkq,r1r0vkq,3.092848282,3.080705017
8667,15f9d288-0f98-45b3-a60f-d6557e901d62,12/15/2023 17:34,-37.87603482,144.6818415,r1r0vkqkq,r1r0vkq,3.092848282,3.080705017
8668,15f9d288-0f98-45b3-a60f-d6557e901d62,12/17/2023 21:52,-37.87607113,144.6816814,r1r0vkqkq,r1r0vkq,3.092848282,3.080705017
8773,1633f9b0-b0b4-43e6-8d70-255800646ec1,12/22/2023 2:16,-37.8339,144.99188,r1r0g2e2e,r1r0g2v,5.652213668,5.736476495
8774,1633f9b0-b0b4-43e6-8d70-255800646ec1,12/9/2023 8:52,-37.83397,144.99506,r1r0g2e2e,r1r0g2v,5.652213668,5.736476495
8775,1633f9b0-b0b4-43e6-8d70-255800646ec1,12/29/2023 12:54,-33.76493,151.00718,r1r0g2e2e,r1r0g2v,5.652213668,5.736476495
8776,1633f9b0-b0b4-43e6-8d70-255800646ec1,12/11/2023 16:55,-37.83394,144.9951,r1r0g2e2e,r1r0g2v,5.652213668,5.736476495
8797,1648df06-5f18-46fe-ad71-3a0dc606ed24,12/10/2023 11:35,-37.77376,145.03125,r1r1jh7h7,r1r1h78,6.845633403,6.999107777
8798,1648df06-5f18-46fe-ad71-3a0dc606ed24,12/3/2023 13:29,-37.76918,145.00228,r1r1jh7h7,r1r1h78,6.845633403,6.999107777
8799,1648df06-5f18-46fe-ad71-3a0dc606ed24,12/6/2023 8:29,-37.66708,144.93413,r1r1jh7h7,r1r1h78,6.845633403,6.999107777
8800,1648df06-5f18-46fe-ad71-3a0dc606ed24,12/8/2023 10:49,-37.77377,145.03105,r1r1jh7h7,r1r1h78,6.845633403,6.999107777
8837,165ccad7-a511-427f-bea4-ea6410f41a8f,12/28/2023 17:39,-38.13592,145.8557,r1r0g6d6d,r1qbs03,5.806347488,34.28868548
8838,165ccad7-a511-427f-bea4-ea6410f41a8f,12/4/2023 20:15,-38.13596,145.85576,r1r0g6d6d,r1qbs03,5.806347488,34.28868548
8839,165ccad7-a511-427f-bea4-ea6410f41a8f,12/13/2023 21:34,-37.78532,144.96133,r1r0g6d6d,r1qbs03,5.806347488,34.28868548
8840,165ccad7-a511-427f-bea4-ea6410f41a8f,12/26/2023 22:29,-38.13596,145.85577,r1r0g6d6d,r1qbs03,5.806347488,34.28868548
8857,166fbb22-5a21-4396-8586-f7709c1d8b8a,12/1/2023 17:24,-37.84139,145.15375,r1r0gn1n1,r1r0x7z,7.496263033,10.61953848
8858,166fbb22-5a21-4396-8586-f7709c1d8b8a,12/13/2023 2:56,-37.80356,144.97766,r1r0gn1n1,r1r0x7z,7.496263033,10.61953848
8859,166fbb22-5a21-4396-8586-f7709c1d8b8a,12/6/2023 17:38,-37.8413,145.1537,r1r0gn1n1,r1r0x7z,7.496263033,10.61953848
8860,166fbb22-5a21-4396-8586-f7709c1d8b8a,12/8/2023 1:36,-37.84131,145.15377,r1r0gn1n1,r1r0x7z,7.496263033,10.61953848
8949,16b1fdaf-12c9-62f2-2314-da7964da41e4,12/16/2023 8:28,-37.8555,145.03211,r1r0y3x3x,r1r5f5s,6.446705128,60.86459441
8950,16b1fdaf-12c9-62f2-2314-da7964da41e4,12/22/2023 11:13,-37.74867,145.18632,r1r0y3x3x,r1r5f5s,6.446705128,60.86459441
8951,16b1fdaf-12c9-62f2-2314-da7964da41e4,12/31/2023 16:48,-37.85581,145.03176,r1r0y3x3x,r1r5f5s,6.446705128,60.86459441
8952,16b1fdaf-12c9-62f2-2314-da7964da41e4,12/1/2023 8:21,-37.72915,145.2211,r1r0y3x3x,r1r5f5s,6.446705128,60.86459441
8993,16d9399b-3810-4eb9-a262-047732bca874,12/25/2023 9:30,-33.82228,151.20352,r1r0grkrk,r1q614r,6.67428337,109.909577
8994,16d9399b-3810-4eb9-a262-047732bca874,12/6/2023 6:19,-33.82214,151.20338,r1r0grkrk,r1q614r,6.67428337,109.909577
8995,16d9399b-3810-4eb9-a262-047732bca874,12/7/2023 2:13,-37.61613,143.59671,r1r0grkrk,r1q614r,6.67428337,109.909577
8996,16d9399b-3810-4eb9-a262-047732bca874,12/3/2023 9:50,-33.82217,151.20334,r1r0grkrk,r1q614r,6.67428337,109.909577
9093,17265678-49ef-49f8-b20d-5412250ed3ba,12/3/2023 7:15,-37.90645,145.07531,r1r1jvfvf,r1r1jvf,8.658605588,8.686260193
9094,17265678-49ef-49f8-b20d-5412250ed3ba,12/31/2023 6:05,-37.82394,145.08367,r1r1jvfvf,r1r1jvf,8.658605588,8.686260193
9095,17265678-49ef-49f8-b20d-5412250ed3ba,12/5/2023 9:20,-37.90546,145.07736,r1r1jvfvf,r1r1jvf,8.658605588,8.686260193
9096,17265678-49ef-49f8-b20d-5412250ed3ba,12/15/2023 14:52,-37.90294,145.08631,r1r1jvfvf,r1r1jvf,8.658605588,8.686260193
9105,172dce2b-2d90-4ac2-9f9c-ea0576ab2a88,12/7/2023 2:59,-37.88682,145.08407,r1r0tb6b6,r1r0tb6,6.794270331,6.833502782
9106,172dce2b-2d90-4ac2-9f9c-ea0576ab2a88,12/31/2023 11:22,-37.88686,145.08941,r1r0tb6b6,r1r0tb6,6.794270331,6.833502782
9107,172dce2b-2d90-4ac2-9f9c-ea0576ab2a88,12/13/2023 9:12,-37.88681,145.08418,r1r0tb6b6,r1r0tb6,6.794270331,6.833502782
9108,172dce2b-2d90-4ac2-9f9c-ea0576ab2a88,12/24/2023 22:40,-37.87939,145.09938,r1r0tb6b6,r1r0tb6,6.794270331,6.833502782
9221,1773247b-c633-430c-bbc9-f178216a16c7,12/4/2023 15:27,-37.7975,145.16423,r1r0t4n4n,r1r0t4n,4.663670528,4.664929185
9222,1773247b-c633-430c-bbc9-f178216a16c7,12/15/2023 15:19,-37.76813,145.1827,r1r0t4n4n,r1r0t4n,4.663670528,4.664929185
9223,1773247b-c633-430c-bbc9-f178216a16c7,12/14/2023 10:04,-37.79327,145.10108,r1r0t4n4n,r1r0t4n,4.663670528,4.664929185
9224,1773247b-c633-430c-bbc9-f178216a16c7,12/3/2023 15:51,-37.78551,145.1001,r1r0t4n4n,r1r0t4n,4.663670528,4.664929185
9229,177948cb-2dfc-4fd2-9415-454010919028,12/17/2023 23:49,-37.8071,144.95275,r1r0fmrmr,r1r0fmr,9.336959086,9.505996999
9230,177948cb-2dfc-4fd2-9415-454010919028,12/18/2023 5:00,-37.80844,144.9604,r1r0fmrmr,r1r0fmr,9.336959086,9.505996999
9231,177948cb-2dfc-4fd2-9415-454010919028,12/3/2023 18:37,-37.80699,144.95275,r1r0fmrmr,r1r0fmr,9.336959086,9.505996999
9232,177948cb-2dfc-4fd2-9415-454010919028,12/15/2023 18:06,-37.80696,144.95275,r1r0fmrmr,r1r0fmr,9.336959086,9.505996999
9277,178bffb2-c5cc-4032-b3c9-f71ca61de346,12/13/2023 5:21,-37.85541,145.1412,r1r0wu8u8,r1r0wu8,8.07808904,8.164506464
9278,178bffb2-c5cc-4032-b3c9-f71ca61de346,12/5/2023 20:31,-37.85551,145.14127,r1r0wu8u8,r1r0wu8,8.07808904,8.164506464
9279,178bffb2-c5cc-4032-b3c9-f71ca61de346,12/23/2023 13:25,-27.45915,151.95955,r1r0wu8u8,r1r0wu8,8.07808904,8.164506464
9280,178bffb2-c5cc-4032-b3c9-f71ca61de346,12/22/2023 10:40,-27.45236,151.95784,r1r0wu8u8,r1r0wu8,8.07808904,8.164506464
9293,179530ab-c7b6-43bf-8f6c-61744b848ee8,12/31/2023 1:05,-37.83422,145.08421,r1r0tucuc,r1nwh1d,4.679723246,83.64086222
9294,179530ab-c7b6-43bf-8f6c-61744b848ee8,12/22/2023 13:06,-37.83428,145.08424,r1r0tucuc,r1nwh1d,4.679723246,83.64086222
9295,179530ab-c7b6-43bf-8f6c-61744b848ee8,12/5/2023 10:01,-37.83583,145.09655,r1r0tucuc,r1nwh1d,4.679723246,83.64086222
9296,179530ab-c7b6-43bf-8f6c-61744b848ee8,12/16/2023 14:42,-37.83577,145.09651,r1r0tucuc,r1nwh1d,4.679723246,83.64086222
9329,17a819b4-267d-4226-8085-e50d9a748f1b,12/2/2023 16:32,-37.8674,145.27948,r1r1nnmnm,r1r2388,9.563747656,20.58212163
9330,17a819b4-267d-4226-8085-e50d9a748f1b,12/6/2023 0:40,-37.86994,145.2789,r1r1nnmnm,r1r2388,9.563747656,20.58212163
9331,17a819b4-267d-4226-8085-e50d9a748f1b,12/2/2023 4:09,-37.86748,145.27942,r1r1nnmnm,r1r2388,9.563747656,20.58212163
9332,17a819b4-267d-4226-8085-e50d9a748f1b,12/10/2023 14:08,-37.86742,145.27931,r1r1nnmnm,r1r2388,9.563747656,20.58212163
9445,17ed42c5-cd08-4001-80b9-72df5ef82028,12/4/2023 22:04,-37.88114,145.09971,r1r0ws6s6,r1r0ws4,7.450208365,7.37369934
9446,17ed42c5-cd08-4001-80b9-72df5ef82028,12/9/2023 1:49,-37.84612,144.98814,r1r0ws6s6,r1r0ws4,7.450208365,7.37369934
9447,17ed42c5-cd08-4001-80b9-72df5ef82028,12/10/2023 17:25,-37.84774,144.9821,r1r0ws6s6,r1r0ws4,7.450208365,7.37369934
9448,17ed42c5-cd08-4001-80b9-72df5ef82028,12/8/2023 1:25,-37.82597,144.99802,r1r0ws6s6,r1r0ws4,7.450208365,7.37369934
9509,1825e9ad-47a6-4a84-b0aa-7e62d5d309e6,12/7/2023 16:24,-37.82387,144.96116,r1r0fdmdm,r1r0fdm,8.271828542,8.440639201
9510,1825e9ad-47a6-4a84-b0aa-7e62d5d309e6,12/18/2023 17:51,-37.82384,144.9611,r1r0fdmdm,r1r0fdm,8.271828542,8.440639201
9511,1825e9ad-47a6-4a84-b0aa-7e62d5d309e6,12/21/2023 22:34,-37.82383,144.96122,r1r0fdmdm,r1r0fdm,8.271828542,8.440639201
9512,1825e9ad-47a6-4a84-b0aa-7e62d5d309e6,12/27/2023 6:53,-37.82382,144.96116,r1r0fdmdm,r1r0fdm,8.271828542,8.440639201
9529,182dfe14-4812-411c-88e6-220330d95d86,12/23/2023 18:35,-38.15228,144.33693,r1r0fs4s4,r1nwuw8,8.788225654,72.09847515
9530,182dfe14-4812-411c-88e6-220330d95d86,12/6/2023 16:38,-38.15222,144.33695,r1r0fs4s4,r1nwuw8,8.788225654,72.09847515
9531,182dfe14-4812-411c-88e6-220330d95d86,12/16/2023 9:12,-38.1523,144.33699,r1r0fs4s4,r1nwuw8,8.788225654,72.09847515
9532,182dfe14-4812-411c-88e6-220330d95d86,12/3/2023 14:31,-38.15223,144.33697,r1r0fs4s4,r1nwuw8,8.788225654,72.09847515
9715,18924ffe-cb26-4c2d-a358-01ee790963cb,12/17/2023 14:10,-37.90354121,145.0162565,r1r07gvgv,r1r07gv,8.880622798,8.411207818
9716,18924ffe-cb26-4c2d-a358-01ee790963cb,12/3/2023 4:31,-37.90363746,145.0160427,r1r07gvgv,r1r07gv,8.880622798,8.411207818
9717,18924ffe-cb26-4c2d-a358-01ee790963cb,12/21/2023 17:35,-37.9036033,145.0160684,r1r07gvgv,r1r07gv,8.880622798,8.411207818
9718,18924ffe-cb26-4c2d-a358-01ee790963cb,12/16/2023 2:53,-37.90363542,145.0160736,r1r07gvgv,r1r07gv,8.880622798,8.411207818
9743,18b00572-1f92-4aa9-a293-fbdb702191ce,12/28/2023 6:17,-37.74460512,144.815076,r1r0y5050,r1r0y50,4.702206235,4.922211906
9744,18b00572-1f92-4aa9-a293-fbdb702191ce,12/25/2023 21:26,-37.7446675,144.8150804,r1r0y5050,r1r0y50,4.702206235,4.922211906
9745,18b00572-1f92-4aa9-a293-fbdb702191ce,12/17/2023 14:01,-37.74466561,144.8149527,r1r0y5050,r1r0y50,4.702206235,4.922211906
9746,18b00572-1f92-4aa9-a293-fbdb702191ce,12/31/2023 0:48,-37.74463138,144.8149223,r1r0y5050,r1r0y50,4.702206235,4.922211906
9783,18bf9970-2112-4cb7-8e59-98393904dc9a,12/21/2023 19:07,-37.78114,144.99704,r1r159b9b,r1r1hj0,7.213462268,8.346503896
9784,18bf9970-2112-4cb7-8e59-98393904dc9a,12/21/2023 7:10,-37.78317,144.99836,r1r159b9b,r1r1hj0,7.213462268,8.346503896
9785,18bf9970-2112-4cb7-8e59-98393904dc9a,12/16/2023 8:26,-37.78288,145.03578,r1r159b9b,r1r1hj0,7.213462268,8.346503896
9786,18bf9970-2112-4cb7-8e59-98393904dc9a,12/11/2023 10:23,-37.78345,144.99824,r1r159b9b,r1r1hj0,7.213462268,8.346503896
9795,18c25cde-4f5c-408a-8464-a0d7322b2f27,12/4/2023 9:18,-37.78022,144.99271,r1r0e7171,r1r0e71,6.993919848,6.65266264
9796,18c25cde-4f5c-408a-8464-a0d7322b2f27,12/24/2023 9:43,-38.29412,144.98943,r1r0e7171,r1r0e71,6.993919848,6.65266264
9797,18c25cde-4f5c-408a-8464-a0d7322b2f27,12/6/2023 5:28,-37.72587,144.99494,r1r0e7171,r1r0e71,6.993919848,6.65266264
9798,18c25cde-4f5c-408a-8464-a0d7322b2f27,12/16/2023 12:33,-37.82555,144.94392,r1r0e7171,r1r0e71,6.993919848,6.65266264
9879,190a2ccf-b6b7-47d7-a41d-6fb3e6afa0c2,12/28/2023 15:36,-37.85574,144.99296,r1r0v0707,r1r0v07,1.265532584,1.290176509
9880,190a2ccf-b6b7-47d7-a41d-6fb3e6afa0c2,12/21/2023 4:48,-37.70433,144.73647,r1r0v0707,r1r0v07,1.265532584,1.290176509
9881,190a2ccf-b6b7-47d7-a41d-6fb3e6afa0c2,12/16/2023 22:49,-37.8369,144.97163,r1r0v0707,r1r0v07,1.265532584,1.290176509
9882,190a2ccf-b6b7-47d7-a41d-6fb3e6afa0c2,12/12/2023 20:05,-37.70448,144.73645,r1r0v0707,r1r0v07,1.265532584,1.290176509
9895,19133679-2d8c-451f-9e09-e5bbdff8c1d1,12/30/2023 16:00,-38.17044443,144.3312512,r1r0fb9b9,r1r0f7m,7.762923805,9.312456523
9896,19133679-2d8c-451f-9e09-e5bbdff8c1d1,12/2/2023 6:26,-38.17045052,144.3312448,r1r0fb9b9,r1r0f7m,7.762923805,9.312456523
9897,19133679-2d8c-451f-9e09-e5bbdff8c1d1,12/29/2023 2:06,-38.17047747,144.3312554,r1r0fb9b9,r1r0f7m,7.762923805,9.312456523
9898,19133679-2d8c-451f-9e09-e5bbdff8c1d1,12/22/2023 23:01,-38.17563138,144.3293043,r1r0fb9b9,r1r0f7m,7.762923805,9.312456523
9899,1914385c-f69c-4267-aa7b-bed5b89d21bc,12/19/2023 11:25,-37.85264,145.0821,r1r0t7r7r,r1r0t7r,4.460180285,4.007927051
9900,1914385c-f69c-4267-aa7b-bed5b89d21bc,12/18/2023 19:44,-38.05293822,145.4000046,r1r0t7r7r,r1r0t7r,4.460180285,4.007927051
9901,1914385c-f69c-4267-aa7b-bed5b89d21bc,12/5/2023 18:49,-38.05302847,145.4000231,r1r0t7r7r,r1r0t7r,4.460180285,4.007927051
9902,1914385c-f69c-4267-aa7b-bed5b89d21bc,12/2/2023 10:08,-37.8619,145.0853,r1r0t7r7r,r1r0t7r,4.460180285,4.007927051
